1.0,1.0,1.0,1.0,1.0,1.0,1.0,1.0,1.0,1.0,1.0,1.0,1.0,1.0,1.0,1.0,1.0,1.0,1.0,1.0,1.0,1.0,1.0,1.0,1.0,1.0,1.0,1.0,1.0,1.0,1.0,1.0,1.0,1.0,1.0,1.0,1.0,1.0,1.0,1.0,1.0,1.0,1.0,1.0,1.0,1.0,1.0,1.0,1.0,1.0,1.0,-0.9,-0.8999566642160578,-0.8998266455765751,-0.899609912949883,-0.899306412082515,-0.8989160659267371,-0.898438781734831,-0.8978744377834891,-0.8972228943714422,-0.8964839886867816,-0.8956575377522661,-0.8947433328815771,-0.8937411429935866,-0.8926507194893168,-0.8914717891693137,-0.8902040557396187,-0.8888472004547362,-0.887400881569084,-0.8858647338176442,-0.8842383691139729,-0.8825213745635684,-0.8807133142978087,-0.8788137289066387,-0.8768221350074039,-0.8747380244176702,-0.8725608622134025,-0.8702900891022611,-0.8679251202785426,-0.8654653449918678,-0.862910126153122,-0.8602587999380924,-0.857510675660716,-0.8546650353725851,-0.8517211335387913,-0.848678195561219,-0.8455354175196188,-0.842291967085985,-0.8389469824792384,-0.835499572036959,-0.8319488117924254,-0.828293746367598,-0.8245333893157119,-0.8206667220069708,-0.8166926927733387,-0.8126102150761042,-0.808418167460131,-0.8041153946478367,-0.7997007059036646,-0.7951728740278401,-0.7905306322619139,-0.7857726770497835
0.0,0.0004,0.0008,0.0012,0.0016,0.002,0.0024,0.0028000000000000004,0.0032,0.0036,0.004,0.0044,0.0048,0.0052,0.005600000000000001,0.006,0.0064,0.0068000000000000005,0.0072,0.0076,0.008,0.0084,0.0088,0.0092,0.0096,0.01,0.0104,0.0108,0.011200000000000002,0.0116,0.012,0.0124,0.0128,0.0132,0.013600000000000001,0.014000000000000002,0.0144,0.0148,0.0152,0.015600000000000001,0.016,0.0164,0.0168,0.0172,0.0176,0.018000000000000002,0.0184,0.0188,0.0192,0.0196,0.02,-0.9,-0.900156642011803,-0.9006265027760954,-0.90140953573476,-0.9025057760581586,-0.9039153342711854,-0.9056383992912644,-0.90767523594729,-0.9100261903556712,-0.912691680392945,-0.9156721978424511,-0.9189683102416538,-0.9225806592012744,-0.9265099590459207,-0.9307569952539259,-0.9353226250887459,-0.9402077773316438,-0.9454134489517028,-0.9509407018492572,-0.9567906651085246,-0.9629645322577786,-0.9694635592635336,-0.9762890636427924,-0.9834424229946929,-0.9909250709847521,-0.9987384957216127,-1.0068842400650444,-1.015363897728413,-1.0241791072956796,-1.0333315548789102,-1.0428229703363265,-1.0526551209090018,-1.0628298095254944,-1.0733488750359077,-1.0842141850984257,-1.0954276301457724,-1.1069911254519236,-1.1189066052343746,-1.1311760172794194,-1.1438013160710985,-1.156784461369782,-1.1701274117125826,-1.1838321198837007,-1.1979005303778711,-1.2123345696886043,-1.2271361416172564,-1.2423071214062658,-1.2578493498394856,-1.2737646262436872,-1.290054701865198,-1.3067212727633895
-0.00020004000800160032,-0.00019987997599519902,-0.0001993998799759952,-0.0001985997199439888,-0.00019747949589917982,-0.00019603920784156832,-0.00019427885577115423,-0.0001921984396879376,-0.0001897979595919184,-0.00018707741548309662,-0.00018403680736147227,-0.0001806761352270454,-0.00017699539907981598,-0.00017299459891978396,-0.0001686737347469494,-0.00016403280656131228,-0.00015907181436287257,-0.00015379075815163032,-0.00014818963792758553,-0.00014226845369073816,-0.0001360272054410882,-0.00012946589317863573,-0.00012258451690338068,-0.00011538307661532306,-0.0001078615723144629,-0.00010002000400080016,-9.185837167433485e-05,-8.3376675335067e-05,-7.457491498299658e-05,-6.545309061812364e-05,-5.601120224044809e-05,-4.624924984996999e-05,-3.616723344668933e-05,-2.5765153030606106e-05,-1.5043008601720308e-05,-4.000800160031966e-06,7.36147229445888e-06,1.904380876175234e-05,3.104620924184837e-05,4.336867373474697e-05,5.601120224044814e-05,6.897379475895184e-05,8.2256451290258e-05,9.585917183436685e-05,0.00010978195639127825,0.0001240248049609922,0.0001385877175435087,0.00015347069413882783,0.0001686737347469494,0.00018419683936787354,0.00020004000800160032,-0.9,-0.9001567091154267,-0.9006268755012451,-0.9014106149449075,-0.9025081214638325,-0.903919665454985,-0.9056455957512585,-0.9076863371816699,-0.9100423959878919,-0.9127143503385413,-0.9157028524921073,-0.9190086307065017,-0.9226324875558047,-0.9265752986346681,-0.9308380110709955,-0.9354216440803323,-0.9403272887018251,-0.945556104356861,-0.9511093161839284,-0.9569882168478396,-0.9631941638783776,-0.9697285776453676,-0.9765929406535241,-0.983788795914704,-0.9913177424482447,-0.9991814350566577,-1.0073815835465478,-1.0159199480792795,-1.0247983350049346,-1.0340185988242558,-1.0435826375543193,-1.0534923860439787,-1.0637498171950186,-1.0743569392819095,-1.085315787351405,-1.096628422309185,-1.1082969291149862,-1.1203234116251144,-1.1327099854108633,-1.1454587741200997,-1.1585719057055923,-1.1720515061857126,-1.1858996970129416,-1.2001185886018115,-1.2147102727920798,-1.2296768177666928,-1.245020262099803,-1.2607426082347,-1.2768458155640385,-1.2933317936106128,-1.31020239403596
0.0,-1.1997199159747926e-07,-2.3955986796038814e-07,-3.583795138541562e-07,-4.760468140442133e-07,-5.921776532959888e-07,-7.063879163749124e-07,-8.182934880464141e-07,-9.275102530759228e-07,-1.0336540962288686e-06,-1.1363409022706814e-06,-1.23518655596679e-06,-1.3298069420826246e-06,-1.419817945383615e-06,-1.5048354506351907e-06,-1.584475342602781e-06,-1.6583535060518155e-06,-1.7260858257477243e-06,-1.7872881864559366e-06,-1.8415764729418825e-06,-1.8885665699709911e-06,-1.927874362308693e-06,-1.959115734720416e-06,-1.9819065719715915e-06,-1.995862758827648e-06,-2.0006001800540163e-06,-1.995734720416125e-06,-1.980882264679404e-06,-1.955658697609283e-06,-1.919679903971191e-06,-1.872561768530559e-06,-1.8139201760528157e-06,-1.743371011303391e-06,-1.660530159047714e-06,-1.5650135040512151e-06,-1.4564369310793233e-06,-1.3344163248974693e-06,-1.1985675702710814e-06,-1.0485065519655898e-06,-8.838491547464239e-07,-7.04211263379013e-07,-5.09208762628788e-07,-2.984575372611792e-07,-7.157347204161299e-08,1.7182754826447928e-07,4.321296388916683e-07,7.097169150745227e-07,1.0049734920476158e-06,1.3182834850455137e-06,1.6500310093027904e-06,2.0006001800540163e-06,-0.9,-0.9001566691206236,-0.9006267156067419,-0.9014102554560393,-0.9025074830023653,-0.9039186690668939,-0.9056441630226421,-0.9076843903312212,-0.9100398580148842,-0.9127111450688231,-0.9156989047329659,-0.9190038663462909,-0.922626833669167,-0.9265686836001762,-0.9308303646732813,-0.935412897640472,-0.9403173751835822,-0.9455449584584592,-0.9510968744777542,-0.9569744178920165,-0.9631789483321481,-0.9697118883873206,-0.9765747229056362,-0.9837689973607102,-0.9912963133442478,-0.9991583283752898,-1.0073567550977796,-1.0158933566161152,-1.0247699423752819,-1.0339883700993235,-1.0435505411489538,-1.0534583938464521,-1.0637139047225472,-1.0743190858068437,-1.0852759760233612,-1.0965866403226325,-1.1082531678400673,-1.1202776667469263,-1.1326622570605176,-1.1454090670462547,-1.1585202294107735,-1.171997875078742,-1.1858441305835714,-1.2000611115374684,-1.2146509151470226,-1.2296156151189208,-1.2449572557106596,-1.2606778452017526,-1.2767793489838661,-1.293263682739483,-1.3101327044363058
2.0008002800960327e-08,1.994400280224084e-08,1.97523101290054e-08,1.9433846750023075e-08,1.8990149279908977e-08,1.8423368979124268e-08,1.7736271753976155e-08,1.6932238156617883e-08,1.601526338504875e-08,1.4989957283114102e-08,1.3861544340505315e-08,1.263586369275983e-08,1.1319369121261125e-08,9.919129053238715e-09,8.442826561768173e-09,6.898759365771122e-09,5.295839830015209e-09,3.6435949651141426e-09,1.9521664275276844e-09,2.3231051956161406e-10,-1.5046018106322199e-09,-3.246584969055921e-09,-4.981038715865571e-09,-6.694748165371187e-09,-8.373883786036738e-09,-1.0004001400480164e-08,-1.1570042185473347e-08,-1.3056332671942126e-08,-1.4446584744966293e-08,-1.5723895643779595e-08,-1.687074796176975e-08,-1.78690096464784e-08,-1.869993399960116e-08,-1.9344159676987604e-08,-1.9781710688641245e-08,-1.999199639871956e-08,-1.9953811525533983e-08,-1.96453361415499e-08,-1.9044135673386642e-08,-1.812716090181751e-08,-1.6870747961769745e-08,-1.5250618342324557e-08,-1.3241878886717117e-08,-1.08190217923365e-08,-7.955924610725797e-09,-4.625850247582007e-09,-8.014469627561484e-10,3.545251629746892e-09,8.442826561768176e-09,1.3920473510994921e-08,2.0008002800960327e-08,-0.9,-0.9001566691084925,-0.9006267155269597,-0.9014102552045928,-0.9025074824281082,-0.9039186679717274,-0.9056441611621423,-0.9076843874153225,-0.9100398537089459,-0.912711138994435,-0.915698896469274,-0.9190038554313482,-0.9226268196013083,-0.9265686658397092,-0.9308303426442669,-0.935412870732607,-0.9403173427540413,-0.9455449198341179,-0.9510968289577217,-0.9569743647502235,-0.9631788868200887,-0.9697118177363868,-0.9765746423302193,-0.9837689060613826,-0.9912962105110645,-0.9991582131909845,-1.0073566267413894,-1.0158932142670256,-1.0247697852166897,-1.033988197322328,-1.0435503519570062,-1.0534581874597517,-1.063713680382095,-1.0743188427794412,-1.085275713607061,-1.0965863578508235,-1.1082528646869167,-1.1202773423327297,-1.1326619108577196,-1.1454086985847907,-1.1585198382840882,-1.1719974609498647,-1.1858436931910223,-1.200060650701997,-1.2146504307781067,-1.2296151072215267,-1.2449567243921122,-1.260677290678829,-1.2767787715900563,-1.2932630829324132,-1.310132082805331
1.0,1.0,1.0,1.0,1.0,1.0,1.0,1.0,1.0,1.0,1.0,1.0,1.0,1.0,1.0,1.0,1.0,1.0,1.0,1.0,1.0,1.0,1.0,1.0,1.0,1.0,1.0,1.0,1.0,1.0,1.0,1.0,1.0,1.0,1.0,1.0,1.0,1.0,1.0,1.0,1.0,1.0,1.0,1.0,1.0,1.0,1.0,1.0,1.0,1.0,1.0,-0.7,-0.6999288413881304,-0.6997153434178388,-0.6993594416544544,-0.6988610260120379,-0.6982199476595302,-0.6974360076567219,-0.6965089669553579,-0.6954385418480936,-0.6942244017292313,-0.6928661713715913,-0.6913634352801526,-0.6897157306438441,-0.6879225494155995,-0.6859833376410328,-0.6838974957184468,-0.6816643767591816,-0.6792832872243906,-0.6767534873996548,-0.6740741904262847,-0.6712445604713684,-0.6682637109238966,-0.6651307069187387,-0.6618445635400493,-0.6584042451132677,-0.6548086641422427,-0.6510566813365172,-0.6471471048645907,-0.6430786895907815,-0.6388501342725482,-0.6344600826694784,-0.6299071230984865,-0.6251897872759407,-0.6203065474354086,-0.6152558157150709,-0.6100359454001161,-0.6046452290000449,-0.5990818961763448,-0.593344111253353,-0.5874299748055807,-0.5813375222505518,-0.5750647216791381,-0.5686094684841779,-0.5619695903594586,-0.5551428447396014,-0.5481269168874976,-0.5409194185700549,-0.5335178866863096,-0.5259197810909855,-0.5181224766336906,-0.5101232686116143
0.0,0.0004,0.0008,0.0012,0.0016,0.002,0.0024,0.0028000000000000004,0.0032,0.0036,0.004,0.0044,0.0048,0.0052,0.005600000000000001,0.006,0.0064,0.0068000000000000005,0.0072,0.0076,0.008,0.0084,0.0088,0.0092,0.0096,0.01,0.0104,0.0108,0.011200000000000002,0.0116,0.012,0.0124,0.0128,0.0132,0.013600000000000001,0.014000000000000002,0.0144,0.0148,0.0152,0.015600000000000001,0.016,0.0164,0.0168,0.0172,0.0176,0.018000000000000002,0.0184,0.0188,0.0192,0.0196,0.02,-0.7,-0.7001288202154317,-0.7005152159369122,-0.7011591421646267,-0.7020606363960992,-0.7032198127273294,-0.7046368650440633,-0.7063120642108532,-0.7082457650924231,-0.7104383943784455,-0.7128904565787382,-0.715602534403276,-0.7185752874432335,-0.721809451952415,-0.7253058396673374,-0.7290653388093461,-0.7330889135199264,-0.7373776025776637,-0.741932517397613,-0.7467548437584424,-0.7518458405001468,-0.7572068383547028,-0.7628392392852688,-0.7687445164383687,-0.7749242131547158,-0.7813799400265882,-0.7881133756415878,-0.7951262662527524,-0.8024204239160694,-0.8099977223211694,-0.8178600993297401,-0.8260095552735259,-0.8344481498937953,-0.8431779985491163,-0.8522012752462926,-0.8615202097298569,-0.8711370821431986,-0.8810542218911381,-0.8912740089816563,-0.9017988703857567,-0.9126312721757781,-0.9237737219899224,-0.9352287674673433,-0.9469989914423154,-0.9590870028037216,-0.9714954417440076,-0.9842269752150762,-0.9972842895414058,-1.0106700829736084,-1.0243870710058491,-1.0384379796454883
-0.00020004000800160032,-0.00019987997599519902,-0.0001993998799759952,-0.0001985997199439888,-0.00019747949589917982,-0.00019603920784156832,-0.00019427885577115423,-0.0001921984396879376,-0.0001897979595919184,-0.00018707741548309662,-0.00018403680736147227,-0.0001806761352270454,-0.00017699539907981598,-0.00017299459891978396,-0.0001686737347469494,-0.00016403280656131228,-0.00015907181436287257,-0.00015379075815163032,-0.00014818963792758553,-0.00014226845369073816,-0.0001360272054410882,-0.00012946589317863573,-0.00012258451690338068,-0.00011538307661532306,-0.0001078615723144629,-0.00010002000400080016,-9.185837167433485e-05,-8.3376675335067e-05,-7.457491498299658e-05,-6.545309061812364e-05,-5.601120224044809e-05,-4.624924984996999e-05,-3.616723344668933e-05,-2.5765153030606106e-05,-1.5043008601720308e-05,-4.000800160031966e-06,7.36147229445888e-06,1.904380876175234e-05,3.104620924184837e-05,4.336867373474697e-05,5.601120224044814e-05,6.897379475895184e-05,8.2256451290258e-05,9.585917183436685e-05,0.00010978195639127825,0.0001240248049609922,0.0001385877175435087,0.00015347069413882783,0.0001686737347469494,0.00018419683936787354,0.00020004000800160032,-0.7,-0.7001288873082874,-0.700515588709221,-0.7011602214510978,-0.7020629819717936,-0.7032241443144953,-0.7046440623938752,-0.7063231672449956,-0.7082619740866268,-0.7104610702008775,-0.7129211209576456,-0.7156428702621013,-0.7186271392693926,-0.7218748261974886,-0.7253869052855395,-0.7291644276567351,-0.7332085208286719,-0.7375203874021301,-0.7421013034909925,-0.7469526201966121,-0.7520757623800975,-0.7574722272762278,-0.7631435842614652,-0.7690914746709979,-0.7753176106297252,-0.7818237721270389,-0.7886118085691233,-0.7956836376966105,-0.8030412430930328,-0.8106866714298425,-0.8186220348092258,-0.8268495084506865,-0.8353713260865325,-0.844189780207299,-0.8533072222599579,-0.8627260596018919,-0.8724487492989002,-0.8824778013270071,-0.8928157761163368,-0.9034652796075662,-0.9144289581587993,-0.9257095023025691,-0.9373096422400403,-0.9492321392380608,-0.9614797859473427,-0.9740554062052196,-0.9869618493006048,-1.0002019789980015,-1.0137786786584069,-1.0276948464673092,-1.0419533866324058
0.0,-1.1997199159747926e-07,-2.3955986796038814e-07,-3.583795138541562e-07,-4.760468140442133e-07,-5.921776532959888e-07,-7.063879163749124e-07,-8.182934880464141e-07,-9.275102530759228e-07,-1.0336540962288686e-06,-1.1363409022706814e-06,-1.23518655596679e-06,-1.3298069420826246e-06,-1.419817945383615e-06,-1.5048354506351907e-06,-1.584475342602781e-06,-1.6583535060518155e-06,-1.7260858257477243e-06,-1.7872881864559366e-06,-1.8415764729418825e-06,-1.8885665699709911e-06,-1.927874362308693e-06,-1.959115734720416e-06,-1.9819065719715915e-06,-1.995862758827648e-06,-2.0006001800540163e-06,-1.995734720416125e-06,-1.980882264679404e-06,-1.955658697609283e-06,-1.919679903971191e-06,-1.872561768530559e-06,-1.8139201760528157e-06,-1.743371011303391e-06,-1.660530159047714e-06,-1.5650135040512151e-06,-1.4564369310793233e-06,-1.3344163248974693e-06,-1.1985675702710814e-06,-1.0485065519655898e-06,-8.838491547464239e-07,-7.04211263379013e-07,-5.09208762628788e-07,-2.984575372611792e-07,-7.157347204161299e-08,1.7182754826447928e-07,4.321296388916683e-07,7.097169150745227e-07,1.0049734920476158e-06,1.3182834850455137e-06,1.6500310093027904e-06,2.0006001800540163e-06,-0.7,-0.7001288473132509,-0.7005154288115979,-0.7011598619464186,-0.7020623434603737,-0.7032231478066518,-0.7046426294160507,-0.7063212199366058,-0.708259435327802,-0.7104578636710928,-0.7129171712755576,-0.7156381030813973,-0.7186214813836159,-0.721868205644591,-0.7253792514558757,-0.7291556714037248,-0.7331985945739056,-0.7375092252354245,-0.7420888412895207,-0.7469387957347673,-0.7520605154397171,-0.7574554997554542,-0.7631253202934931,-0.7690716207375781,-0.7752961156735081,-0.781800587668435,-0.7885868888304433,-0.7956569397198204,-0.8030127268536255,-0.8106562999674284,-0.8185897743516316,-0.826815328538195,-0.8353351996937614,-0.8441516838805335,-0.8532671362457641,-0.8626839679778321,-0.8724046401065954,-0.8824316667116553,-0.8927676124639646,-0.90341508768437,-0.9143767432509885,-0.9256552743611842,-0.9372534160275021,-0.9491739344775725,-0.9614196274639147,-0.9739933240800206,-0.9868978790302447,-1.000136161644151,-1.0137110609956272,-1.0276254811446435,-1.0418823323531061
2.0008002800960327e-08,1.994400280224084e-08,1.97523101290054e-08,1.9433846750023075e-08,1.8990149279908977e-08,1.8423368979124268e-08,1.7736271753976155e-08,1.6932238156617883e-08,1.601526338504875e-08,1.4989957283114102e-08,1.3861544340505315e-08,1.263586369275983e-08,1.1319369121261125e-08,9.919129053238715e-09,8.442826561768173e-09,6.898759365771122e-09,5.295839830015209e-09,3.6435949651141426e-09,1.9521664275276844e-09,2.3231051956161406e-10,-1.5046018106322199e-09,-3.246584969055921e-09,-4.981038715865571e-09,-6.694748165371187e-09,-8.373883786036738e-09,-1.0004001400480164e-08,-1.1570042185473347e-08,-1.3056332671942126e-08,-1.4446584744966293e-08,-1.5723895643779595e-08,-1.687074796176975e-08,-1.78690096464784e-08,-1.869993399960116e-08,-1.9344159676987604e-08,-1.9781710688641245e-08,-1.999199639871956e-08,-1.9953811525533983e-08,-1.96453361415499e-08,-1.9044135673386642e-08,-1.812716090181751e-08,-1.6870747961769745e-08,-1.5250618342324557e-08,-1.3241878886717117e-08,-1.08190217923365e-08,-7.955924610725797e-09,-4.625850247582007e-09,-8.014469627561484e-10,3.545251629746892e-09,8.442826561768176e-09,1.3920473510994921e-08,2.0008002800960327e-08,-0.7,-0.7001288473011233,-0.7005154287318027,-0.7011598616949521,-0.7020623428860723,-0.7032231467113894,-0.704642627555324,-0.7063212170202646,-0.7082594310210039,-0.7104578575951868,-0.7129171630093355,-0.7156380921623966,-0.718621467309566,-0.7218681878749409,-0.7253792294137105,-0.7291556444774093,-0.73319856211892,-0.737509186576587,-0.7420887957234974,-0.746938742532548,-0.7520604538493878,-0.7574554290046143,-0.7631252395919408,-0.7690715292805415,-0.7752960126449507,-0.7818004722443053,-0.7885867601819738,-0.7956567970172274,-0.8030125692703733,-0.8106561266836195,-0.8185895845581334,-0.8268151214410493,-0.8353349745192462,-0.8441514398786483,-0.8532668726952999,-0.8626836841918655,-0.8724043354375443,-0.8824313405556025,-0.8927672642663563,-0.9034147169472615,-0.9143763495368971,-0.9256548572991191,-0.9372529753195336,-0.9491734699070102,-0.9614191388985314,-0.9739928114796134,-0.9868973424550289,-1.000135601261627,-1.0137104770853393,-1.0276248741062497,-1.0418817027179572
1.0,1.0,1.0,1.0,1.0,1.0,1.0,1.0,1.0,1.0,1.0,1.0,1.0,1.0,1.0,1.0,1.0,1.0,1.0,1.0,1.0,1.0,1.0,1.0,1.0,1.0,1.0,1.0,1.0,1.0,1.0,1.0,1.0,1.0,1.0,1.0,1.0,1.0,1.0,1.0,1.0,1.0,1.0,1.0,1.0,1.0,1.0,1.0,1.0,1.0,1.0,-0.5,-0.4998958816133631,-0.499583489791032,-0.499062715605726,-0.4983333764390604,-0.4973952172809893,-0.4962479084308807,-0.494891047453099,-0.49332415280629116,-0.4915466732514891,-0.4895579834702088,-0.4873573817139477,-0.4849440905416565,-0.482317256495656,-0.47947594829474505,-0.47641915828979015,-0.4731458018046726,-0.4696547156890571,-0.4659446545556745,-0.4620142934723911,-0.4578622264703539,-0.45348696523524545,-0.44888693764988224,-0.4440604877766603,-0.439005874740284,-0.43372127078422784,-0.42820475889340665,-0.42245433434671836,-0.41646790275133244,-0.41024327711412845,-0.40377817591656867,-0.3970702245582277,-0.3901169527582831,-0.38291579199321,-0.3754640727246948,-0.3677590263496051,-0.3597977821070232,-0.35157736321236427,-0.34309468661011183,-0.3343465619393546,-0.3253296890439755,-0.31604065586526126,-0.30647593610675006,-0.2966318874792831,-0.2865047492895476,-0.2760906402432691,-0.26538555917553214,-0.25438538052823034,-0.24308585167356792,-0.23148259123704112,-0.21957108757377258
0.0,0.0004,0.0008,0.0012,0.0016,0.002,0.0024,0.0028000000000000004,0.0032,0.0036,0.004,0.0044,0.0048,0.0052,0.005600000000000001,0.006,0.0064,0.0068000000000000005,0.0072,0.0076,0.008,0.0084,0.0088,0.0092,0.0096,0.01,0.0104,0.0108,0.011200000000000002,0.0116,0.012,0.0124,0.0128,0.0132,0.013600000000000001,0.014000000000000002,0.0144,0.0148,0.0152,0.015600000000000001,0.016,0.0164,0.0168,0.0172,0.0176,0.018000000000000002,0.0184,0.0188,0.0192,0.0196,0.02,-0.5,-0.5000958610755636,-0.5003833743507554,-0.5008624770918914,-0.5015331783851502,-0.5023955523996887,-0.5034497411800106,-0.5046959537231215,-0.5061344689691234,-0.5077656315929137,-0.5095898501897557,-0.5116076020447413,-0.5138194313261484,-0.5162259489908886,-0.5188278324586778,-0.5216258258888626,-0.5246207404377069,-0.5278134540600158,-0.5312049115091358,-0.5347961243339808,-0.5385881693989121,-0.5425821893945975,-0.5467793942165008,-0.5511810602059275,-0.5557885295220656,-0.5606032091639472,-0.5656265728688232,-0.5708601603798314,-0.5763055753926973,-0.5819644870814291,-0.5878386306233213,-0.5939298056085127,-0.6002398736742166,-0.6067707625460077,-0.6135244646784748,-0.6205030334581214,-0.6277085847639181,-0.6351432982867101,-0.6428094133263011,-0.6507092315086944,-0.65884511580673,-0.6672194855182889,-0.675834821543297,-0.6846936626186134,-0.6937986010862282,-0.7031522894653324,-0.7127574326739747,-0.7226167874377742,-0.7327331676129296,-0.7431094325738644,-0.7537484921883805
-0.00020004000800160032,-0.00019987997599519902,-0.0001993998799759952,-0.0001985997199439888,-0.00019747949589917982,-0.00019603920784156832,-0.00019427885577115423,-0.0001921984396879376,-0.0001897979595919184,-0.00018707741548309662,-0.00018403680736147227,-0.0001806761352270454,-0.00017699539907981598,-0.00017299459891978396,-0.0001686737347469494,-0.00016403280656131228,-0.00015907181436287257,-0.00015379075815163032,-0.00014818963792758553,-0.00014226845369073816,-0.0001360272054410882,-0.00012946589317863573,-0.00012258451690338068,-0.00011538307661532306,-0.0001078615723144629,-0.00010002000400080016,-9.185837167433485e-05,-8.3376675335067e-05,-7.457491498299658e-05,-6.545309061812364e-05,-5.601120224044809e-05,-4.624924984996999e-05,-3.616723344668933e-05,-2.5765153030606106e-05,-1.5043008601720308e-05,-4.000800160031966e-06,7.36147229445888e-06,1.904380876175234e-05,3.104620924184837e-05,4.336867373474697e-05,5.601120224044814e-05,6.897379475895184e-05,8.2256451290258e-05,9.585917183436685e-05,0.00010978195639127825,0.0001240248049609922,0.0001385877175435087,0.00015347069413882783,0.0001686737347469494,0.00018419683936787354,0.00020004000800160032,-0.5,-0.5000959283377623,-0.500383747097789,-0.5008635563762213,-0.5015355240334807,-0.5023998842420478,-0.5034569391750291,-0.5047070581156364,-0.5061506805608227,-0.5077883119992246,-0.5096205221953635,-0.5116479500207284,-0.5138713016490233,-0.5162913505812917,-0.5189089376470154,-0.5217249709949121,-0.5247404260807905,-0.5279563456769109,-0.5313738398719838,-0.5349940860663918,-0.5388183289084053,-0.5428478803616535,-0.5470841197065179,-0.551528493503866,-0.5561825146623742,-0.5610477631462055,-0.5661258863196945,-0.5714185986555056,-0.5769276804243852,-0.5826549777662576,-0.5886024039575597,-0.5947719377438018,-0.6011656227235486,-0.6077855692010349,-0.6146339521298788,-0.6217130092098953,-0.6290250443921694,-0.6365724253143675,-0.6443575795770098,-0.6523830000678207,-0.6606512424170567,-0.669164919409595,-0.6779267063013958,-0.6869393368082363,-0.6962056022885253,-0.7057283537860058,-0.7155104944611343,-0.725554985290015,-0.7358648396935135,-0.7464431207205572,-0.7572929466756971
0.0,-1.1997199159747926e-07,-2.3955986796038814e-07,-3.583795138541562e-07,-4.760468140442133e-07,-5.921776532959888e-07,-7.063879163749124e-07,-8.182934880464141e-07,-9.275102530759228e-07,-1.0336540962288686e-06,-1.1363409022706814e-06,-1.23518655596679e-06,-1.3298069420826246e-06,-1.419817945383615e-06,-1.5048354506351907e-06,-1.584475342602781e-06,-1.6583535060518155e-06,-1.7260858257477243e-06,-1.7872881864559366e-06,-1.8415764729418825e-06,-1.8885665699709911e-06,-1.927874362308693e-06,-1.959115734720416e-06,-1.9819065719715915e-06,-1.995862758827648e-06,-2.0006001800540163e-06,-1.995734720416125e-06,-1.980882264679404e-06,-1.955658697609283e-06,-1.919679903971191e-06,-1.872561768530559e-06,-1.8139201760528157e-06,-1.743371011303391e-06,-1.660530159047714e-06,-1.5650135040512151e-06,-1.4564369310793233e-06,-1.3344163248974693e-06,-1.1985675702710814e-06,-1.0485065519655898e-06,-8.838491547464239e-07,-7.04211263379013e-07,-5.09208762628788e-07,-2.984575372611792e-07,-7.157347204161299e-08,1.7182754826447928e-07,4.321296388916683e-07,7.097169150745227e-07,1.0049734920476158e-06,1.3182834850455137e-06,1.6500310093027904e-06,2.0006001800540163e-06,-0.5,-0.5000958883425523,-0.5003835871975774,-0.5008631968596058,-0.5015348854849696,-0.5023988876408559,-0.5034555060041691,-0.5047051104426608,-0.5061481411825537,-0.5077851044756331,-0.5096165709961599,-0.5116431806145997,-0.5138656406046088,-0.5162847256689852,-0.5189012779439951,-0.5217162069869922,-0.5247304897623997,-0.5279451706527875,-0.5313613614588723,-0.5349802413973316,-0.5388030570524686,-0.5428311224202481,-0.5470658189173395,-0.551508595361215,-0.5561609671060307,-0.561024516508294,-0.566100893489213,-0.5713918151828782,-0.5768990648561221,-0.5826244914591715,-0.5885700112652649,-0.5947376063318014,-0.6011293234485701,-0.6077472762366705,-0.6145936433593845,-0.6216706661076323,-0.6289806520651702,-0.6365259729608821,-0.644309060444556,-0.6523324113497738,-0.6605985857138705,-0.6691102009060882,-0.6778699365160888,-0.6868805312609711,-0.6961447810804625,-0.7056655420663099,-0.7154457226800611,-0.7254882888414725,-0.7357962598646254,-0.7463727040303809,-0.7572207454706554
2.0008002800960327e-08,1.994400280224084e-08,1.97523101290054e-08,1.9433846750023075e-08,1.8990149279908977e-08,1.8423368979124268e-08,1.7736271753976155e-08,1.6932238156617883e-08,1.601526338504875e-08,1.4989957283114102e-08,1.3861544340505315e-08,1.263586369275983e-08,1.1319369121261125e-08,9.919129053238715e-09,8.442826561768173e-09,6.898759365771122e-09,5.295839830015209e-09,3.6435949651141426e-09,1.9521664275276844e-09,2.3231051956161406e-10,-1.5046018106322199e-09,-3.246584969055921e-09,-4.981038715865571e-09,-6.694748165371187e-09,-8.373883786036738e-09,-1.0004001400480164e-08,-1.1570042185473347e-08,-1.3056332671942126e-08,-1.4446584744966293e-08,-1.5723895643779595e-08,-1.687074796176975e-08,-1.78690096464784e-08,-1.869993399960116e-08,-1.9344159676987604e-08,-1.9781710688641245e-08,-1.999199639871956e-08,-1.9953811525533983e-08,-1.96453361415499e-08,-1.9044135673386642e-08,-1.812716090181751e-08,-1.6870747961769745e-08,-1.5250618342324557e-08,-1.3241878886717117e-08,-1.08190217923365e-08,-7.955924610725797e-09,-4.625850247582007e-09,-8.014469627561484e-10,3.545251629746892e-09,8.442826561768176e-09,1.3920473510994921e-08,2.0008002800960327e-08,-0.5,-0.5000958883303751,-0.500383587117779,-0.5008631966081242,-0.5015348849106354,-0.5023988865455103,-0.5034555041432951,-0.5047051075259714,-0.5061481368751708,-0.5077850983986355,-0.5096165627280549,-0.5116431696925602,-0.5138656265258056,-0.516284707892224,-0.518901255892183,-0.5217161800488636,-0.5247304572935998,-0.527945131977461,-0.5313613158712506,-0.5349801881635311,-0.5388029954167571,-0.5428310516071891,-0.5470657381331612,-0.5515085037963868,-0.5561608639403169,-0.5610244009127285,-0.5661007646287521,-0.5713916722192613,-0.5768989069542607,-0.5826243177900363,-0.5885698210091503,-0.5947373986841857,-0.6011290976229975,-0.6077470314683597,-0.6145933789122031,-0.6216703812781226,-0.6289803461855656,-0.6365256454070369,-0.6443087106411423,-0.6523320387724141,-0.6605981898974969,-0.6691097814525345,-0.6778694930954882,-0.6868800636232896,-0.69614428905658,-0.7056650255769846,-0.7154451817447953,-0.7254877235796242,-0.7357956705104017,-0.7463720909328996,-0.757220109104583
1.0,1.0,1.0,1.0,1.0,1.0,1.0,1.0,1.0,1.0,1.0,1.0,1.0,1.0,1.0,1.0,1.0,1.0,1.0,1.0,1.0,1.0,1.0,1.0,1.0,1.0,1.0,1.0,1.0,1.0,1.0,1.0,1.0,1.0,1.0,1.0,1.0,1.0,1.0,1.0,1.0,1.0,1.0,1.0,1.0,1.0,1.0,1.0,1.0,1.0,1.0,-0.29999999999999993,-0.2998590989498707,-0.2994363421279016,-0.29873156849156673,-0.29774451073889197,-0.296474790774594,-0.29492192392933037,-0.29308531343665906,-0.2909642552075309,-0.28855793826173143,-0.28586544014463344,-0.2828857278571555,-0.2796176569175991,-0.2760599707377516,-0.27221130152142553,-0.2680701687533161,-0.26363497531375185,-0.2589040088611222,-0.2538754412208289,-0.2485473266506899,-0.24291760021736483,-0.23698407766105914,-0.23074445409527977,-0.22419630120345088,-0.21733706647096282,-0.2101640731317233,-0.20267451802770703,-0.19486546784757766,-0.18673386019903906,-0.17827650190780642,-0.16949006635673713,-0.16037109102322175,-0.1509159778745872,-0.1411209910121119,-0.1309822536974986,-0.12049574752803469,-0.10965731109013972,-0.09846263782500186,-0.08690727374198488,-0.07498661640900145,-0.06269591303332744,-0.05003025901482592,-0.036984596250788815,-0.02355371113868002,-0.009732233213722304,0.004485364567452618,0.019104769076863266,0.034131828510355934,0.04957255236571597,0.06543311031567137,0.08171983638666418
0.0,0.0004,0.0008,0.0012,0.0016,0.002,0.0024,0.0028000000000000004,0.0032,0.0036,0.004,0.0044,0.0048,0.0052,0.005600000000000001,0.006,0.0064,0.0068000000000000005,0.0072,0.0076,0.008,0.0084,0.0088,0.0092,0.0096,0.01,0.0104,0.0108,0.011200000000000002,0.0116,0.012,0.0124,0.0128,0.0132,0.013600000000000001,0.014000000000000002,0.0144,0.0148,0.0152,0.015600000000000001,0.016,0.0164,0.0168,0.0172,0.0176,0.018000000000000002,0.0184,0.0188,0.0192,0.0196,0.02,-0.29999999999999993,-0.30005907849126945,-0.30023623519934844,-0.30053137233759497,-0.30094444493499084,-0.3014754490470196,-0.30212442799477374,-0.3028914693322007,-0.30377670480659263,-0.30478031637115527,-0.30590252616170716,-0.3071436012755963,-0.30850385503482014,-0.3099836459408287,-0.31158337788475526,-0.3133035001817314,-0.31514450797020815,-0.3171069415868541,-0.31919138689324256,-0.3213984753760442,-0.3237288845161855,-0.3261833391903829,-0.3287626099267111,-0.3314675134953281,-0.33429891317269395,-0.3372577189558226,-0.34034488869183854,-0.3435614272965774,-0.3469083869449676,-0.3503868674106864,-0.35399801647202017,-0.35774303003874897,-0.36162315217153923,-0.36563967536970693,-0.36979394104003194,-0.3740873401652578,-0.3785213127019507,-0.38309734810525975,-0.3878169856030464,-0.3926818146309424,-0.39769347485061884,-0.40285365641910736,-0.4081641002543976,-0.41362659824664194,-0.41924299351302735,-0.4250151806509278,-0.430945105967669,-0.4370347675114505,-0.4432862151007501,-0.4497015510065976,-0.4562829299855612
-0.00020004000800160032,-0.00019987997599519902,-0.0001993998799759952,-0.0001985997199439888,-0.00019747949589917982,-0.00019603920784156832,-0.00019427885577115423,-0.0001921984396879376,-0.0001897979595919184,-0.00018707741548309662,-0.00018403680736147227,-0.0001806761352270454,-0.00017699539907981598,-0.00017299459891978396,-0.0001686737347469494,-0.00016403280656131228,-0.00015907181436287257,-0.00015379075815163032,-0.00014818963792758553,-0.00014226845369073816,-0.0001360272054410882,-0.00012946589317863573,-0.00012258451690338068,-0.00011538307661532306,-0.0001078615723144629,-0.00010002000400080016,-9.185837167433485e-05,-8.3376675335067e-05,-7.457491498299658e-05,-6.545309061812364e-05,-5.601120224044809e-05,-4.624924984996999e-05,-3.616723344668933e-05,-2.5765153030606106e-05,-1.5043008601720308e-05,-4.000800160031966e-06,7.36147229445888e-06,1.904380876175234e-05,3.104620924184837e-05,4.336867373474697e-05,5.601120224044814e-05,6.897379475895184e-05,8.2256451290258e-05,9.585917183436685e-05,0.00010978195639127825,0.0001240248049609922,0.0001385877175435087,0.00015347069413882783,0.0001686737347469494,0.00018419683936787354,0.00020004000800160032,-0.29999999999999993,-0.3000591462647825,-0.3002366078036435,-0.3005324514944206,-0.30094679050419065,-0.30147978094052275,-0.30213162631375795,-0.30290257455173186,-0.30379291808168274,-0.30480299984549225,-0.3059332033577183,-0.3071839575375138,-0.3085557380843765,-0.3100490663838255,-0.31166450991707567,-0.31340268226234996,-0.3152642437267522,-0.31724990039989387,-0.31936040468823157,-0.32159655549549315,-0.32395919883749363,-0.326449229370461,-0.3290675883863446,-0.3318152647056523,-0.3346932949889063,-0.33770276404077876,-0.34084480546066825,-0.3441206012497943,-0.34753138218707286,-0.3510784280996503,-0.35476306821370673,-0.3585866822869861,-0.36255069974693654,-0.36665660012481466,-0.3709059134369578,-0.37530022051566553,-0.37984115413445885,-0.3845303983566422,-0.38936968885693896,-0.3943608133647526,-0.3995056119590399,-0.40480597755572606,-0.4102638560138764,-0.4158812463996447,-0.4216602013264423,-0.42760282723677173,-0.4337112842580243,-0.43998778672204025,-0.4464346036030765,-0.4530540586592241,-0.4598485301106959
0.0,-1.1997199159747926e-07,-2.3955986796038814e-07,-3.583795138541562e-07,-4.760468140442133e-07,-5.921776532959888e-07,-7.063879163749124e-07,-8.182934880464141e-07,-9.275102530759228e-07,-1.0336540962288686e-06,-1.1363409022706814e-06,-1.23518655596679e-06,-1.3298069420826246e-06,-1.419817945383615e-06,-1.5048354506351907e-06,-1.584475342602781e-06,-1.6583535060518155e-06,-1.7260858257477243e-06,-1.7872881864559366e-06,-1.8415764729418825e-06,-1.8885665699709911e-06,-1.927874362308693e-06,-1.959115734720416e-06,-1.9819065719715915e-06,-1.995862758827648e-06,-2.0006001800540163e-06,-1.995734720416125e-06,-1.980882264679404e-06,-1.955658697609283e-06,-1.919679903971191e-06,-1.872561768530559e-06,-1.8139201760528157e-06,-1.743371011303391e-06,-1.660530159047714e-06,-1.5650135040512151e-06,-1.4564369310793233e-06,-1.3344163248974693e-06,-1.1985675702710814e-06,-1.0485065519655898e-06,-8.838491547464239e-07,-7.04211263379013e-07,-5.09208762628788e-07,-2.984575372611792e-07,-7.157347204161299e-08,1.7182754826447928e-07,4.321296388916683e-07,7.097169150745227e-07,1.0049734920476158e-06,1.3182834850455137e-06,1.6500310093027904e-06,2.0006001800540163e-06,-0.29999999999999993,-0.3000591062694109,-0.3002364479005294,-0.30053209196757824,-0.30094615192038043,-0.3014787842751919,-0.30213019300463356,-0.3029006266310884,-0.3037903782595002,-0.30479979163517845,-0.305929251110011,-0.30717918659274523,-0.30855007485545605,-0.3100424384545898,-0.31165684614082667,-0.31339391286671664,-0.3152543004060385,-0.31723871641361895,-0.31934791496310727,-0.3215826967258407,-0.32394390960631386,-0.32643245024122014,-0.3290492619958244,-0.3317953358747718,-0.33467171082688174,-0.33767947405664184,-0.3408197616707827,-0.3440937582776762,-0.3475026973739864,-0.3510478616128677,-0.3547305831680393,-0.3585522448623044,-0.3625142792804054,-0.36661816923259366,-0.3708654481282932,-0.3752577003190354,-0.379796562230494,-0.3844837216701462,-0.3893209181878053,-0.39430994350977944,-0.39945264183763146,-0.40475091034858174,-0.410206699281356,-0.4158220122127141,-0.42159890639776576,-0.42753949304994066,-0.43364593719606936,-0.43992045823015063,-0.4463653303181214,-0.4529828825526242,-0.45977549859273564
2.0008002800960327e-08,1.994400280224084e-08,1.97523101290054e-08,1.9433846750023075e-08,1.8990149279908977e-08,1.8423368979124268e-08,1.7736271753976155e-08,1.6932238156617883e-08,1.601526338504875e-08,1.4989957283114102e-08,1.3861544340505315e-08,1.263586369275983e-08,1.1319369121261125e-08,9.919129053238715e-09,8.442826561768173e-09,6.898759365771122e-09,5.295839830015209e-09,3.6435949651141426e-09,1.9521664275276844e-09,2.3231051956161406e-10,-1.5046018106322199e-09,-3.246584969055921e-09,-4.981038715865571e-09,-6.694748165371187e-09,-8.373883786036738e-09,-1.0004001400480164e-08,-1.1570042185473347e-08,-1.3056332671942126e-08,-1.4446584744966293e-08,-1.5723895643779595e-08,-1.687074796176975e-08,-1.78690096464784e-08,-1.869993399960116e-08,-1.9344159676987604e-08,-1.9781710688641245e-08,-1.999199639871956e-08,-1.9953811525533983e-08,-1.96453361415499e-08,-1.9044135673386642e-08,-1.812716090181751e-08,-1.6870747961769745e-08,-1.5250618342324557e-08,-1.3241878886717117e-08,-1.08190217923365e-08,-7.955924610725797e-09,-4.625850247582007e-09,-8.014469627561484e-10,3.545251629746892e-09,8.442826561768176e-09,1.3920473510994921e-08,2.0008002800960327e-08,-0.29999999999999993,-0.3000591062570743,-0.30023644782077824,-0.30053209171615375,-0.3009461513460764,-0.3014787831798853,-0.302130191143723,-0.30290062371426346,-0.30379037395164193,-0.30479978555737935,-0.3059292428405808,-0.3071791756685332,-0.30855006077333363,-0.31004242067283844,-0.31165682408097206,-0.31339388591529566,-0.31525426791685657,-0.31723867770933317,-0.31934786933726816,-0.32158264344511034,-0.3239438479134191,-0.32643237935785036,-0.3290491811251157,-0.33179524420452355,-0.33467160753284053,-0.33767935830588836,-0.3408196326238777,-0.34409361509255215,-0.3475025392098137,-0.351047687633851,-0.3547303925477867,-0.35855203678780123,-0.3625140529556476,-0.36661792388331477,-0.3708651830064829,-0.3752574147080663,-0.37979625545043194,-0.3844833930817216,-0.3893205671980436,-0.3943095695773407,-0.39945224447842553,-0.4047504891419256,-0.4102062538754454,-0.41582154233077084,-0.4215984118442569,-0.4275389737167946,-0.43364539306896993,-0.4399198893964465,-0.44636473697336226,-0.4529822650077736,-0.4597748572797446
1.0,1.0,1.0,1.0,1.0,1.0,1.0,1.0,1.0,1.0,1.0,1.0,1.0,1.0,1.0,1.0,1.0,1.0,1.0,1.0,1.0,1.0,1.0,1.0,1.0,1.0,1.0,1.0,1.0,1.0,1.0,1.0,1.0,1.0,1.0,1.0,1.0,1.0,1.0,1.0,1.0,1.0,1.0,1.0,1.0,1.0,1.0,1.0,1.0,1.0,1.0,-0.09999999999999998,-0.09981995998040173,-0.0992797690564646,-0.09837921266564266,-0.09711793347798173,-0.0954954301978541,-0.09351105681772276,-0.09116401862897162,-0.08845338347243856,-0.08537807141309438,-0.08193685689593436,-0.07812836773596493,-0.07395108494716753,-0.06940334310915466,-0.06448332896981196,-0.05918907807431611,-0.05351847644876243,-0.047469259490433464,-0.0410390104740231,-0.03422515942004126,-0.02702498276480305,-0.019435602123590898,-0.011453982068876021,-0.003076930119181545,0.005698904201089573,0.014877031022818805,0.024461121880825727,0.034455009711413284,0.044862690339361605,0.055688323488954077,0.06693623394961501,0.07861091270400418,0.09071701752402278,0.10325937272420148,0.11624297182855094,0.12967297801544703,0.1435547225508739,0.15789370572630818,0.17269559864754636,0.1879662407093271,0.20371164067496333,0.21993797741060064,0.23665159514916156,0.2538590053769161,0.271566886574322,0.28978207684822294,0.308511576752079,0.327762547155939,0.3475422990495452,0.3678582974628942,0.3887181565327633
0.0,0.0004,0.0008,0.0012,0.0016,0.002,0.0024,0.0028000000000000004,0.0032,0.0036,0.004,0.0044,0.0048,0.0052,0.005600000000000001,0.006,0.0064,0.0068000000000000005,0.0072,0.0076,0.008,0.0084,0.0088,0.0092,0.0096,0.01,0.0104,0.0108,0.011200000000000002,0.0116,0.012,0.0124,0.0128,0.0132,0.013600000000000001,0.014000000000000002,0.0144,0.0148,0.0152,0.015600000000000001,0.016,0.0164,0.0168,0.0172,0.0176,0.018000000000000002,0.0184,0.0188,0.0192,0.0196,0.02,-0.09999999999999998,-0.1000199391560101,-0.10007966462940662,-0.10017903718557956,-0.10031793400559964,-0.10049625227710274,-0.10071390244502404,-0.10097081080616334,-0.10126691961002514,-0.10160218662395384,-0.10197658494144221,-0.10239010348668644,-0.10284274996526886,-0.10333454287565272,-0.10386551738278708,-0.10443572473770864,-0.10504523180323252,-0.10569412101381316,-0.10638249055179301,-0.10711045418179135,-0.10787814153814723,-0.10868569817595482,-0.10953328520612031,-0.11042107951425123,-0.11134927379228449,-0.11231807666292168,-0.11332771375352603,-0.1143784265572189,-0.11547047256827235,-0.11660412553729997,-0.11777967552953951,-0.11899742950337798,-0.12025771182361988,-0.12156086303459872,-0.12290724050757221,-0.12429721854350494,-0.12573118852013426,-0.12720956009396256,-0.12873276021015398,-0.13030123311101668,-0.13191544072444739,-0.13357586278133302,-0.13528299744103267,-0.1370373622410494,-0.13883949248580546,-0.14068994206903684,-0.14258928367129461,-0.14453810915161905,-0.14653702998821444,-0.14858667819961505,-0.15068770463699735
-0.00020004000800160032,-0.00019987997599519902,-0.0001993998799759952,-0.0001985997199439888,-0.00019747949589917982,-0.00019603920784156832,-0.00019427885577115423,-0.0001921984396879376,-0.0001897979595919184,-0.00018707741548309662,-0.00018403680736147227,-0.0001806761352270454,-0.00017699539907981598,-0.00017299459891978396,-0.0001686737347469494,-0.00016403280656131228,-0.00015907181436287257,-0.00015379075815163032,-0.00014818963792758553,-0.00014226845369073816,-0.0001360272054410882,-0.00012946589317863573,-0.00012258451690338068,-0.00011538307661532306,-0.0001078615723144629,-0.00010002000400080016,-9.185837167433485e-05,-8.3376675335067e-05,-7.457491498299658e-05,-6.545309061812364e-05,-5.601120224044809e-05,-4.624924984996999e-05,-3.616723344668933e-05,-2.5765153030606106e-05,-1.5043008601720308e-05,-4.000800160031966e-06,7.36147229445888e-06,1.904380876175234e-05,3.104620924184837e-05,4.336867373474697e-05,5.601120224044814e-05,6.897379475895184e-05,8.2256451290258e-05,9.585917183436685e-05,0.00010978195639127825,0.0001240248049609922,0.0001385877175435087,0.00015347069413882783,0.0001686737347469494,0.00018419683936787354,0.00020004000800160032,-0.09999999999999998,-0.10002000753006246,-0.10008003847785608,-0.10018011564118429,-0.10032027890464874,-0.1005005835745921,-0.10072110031885326,-0.10098191584916724,-0.10128313320656882,-0.10162487118007146,-0.10200726428834457,-0.1024304635998987,-0.10289463919036462,-0.10339997271048786,-0.10394666310327424,-0.10453492614486268,-0.10516499410117984,-0.10583711546413857,-0.10655155571860617,-0.10730859664701368,-0.10810853720372156,-0.10895169348097006,-0.1098383979909743,-0.11076900019907078,-0.11174386663680103,-0.11276338136381873,-0.11382794722480256,-0.11493798416793384,-0.1160939299489308,-0.11729624038068794,-0.11854538949436755,-0.11984186986337265,-0.12118619260066343,-0.12257888749277326,-0.12402050320061138,-0.1255116074174778,-0.1270527876155414,-0.12864465137100886,-0.13028782554654472,-0.13198295695402007,-0.13373071254393587,-0.135531779876043,-0.13738686847300954,-0.1392967083043529,-0.1412620504781504,-0.14328366758216618,-0.14536235412428336,-0.147498927155357,-0.14969422700932808,-0.15194911594897573,-0.15426447926163628
0.0,-1.1997199159747926e-07,-2.3955986796038814e-07,-3.583795138541562e-07,-4.760468140442133e-07,-5.921776532959888e-07,-7.063879163749124e-07,-8.182934880464141e-07,-9.275102530759228e-07,-1.0336540962288686e-06,-1.1363409022706814e-06,-1.23518655596679e-06,-1.3298069420826246e-06,-1.419817945383615e-06,-1.5048354506351907e-06,-1.584475342602781e-06,-1.6583535060518155e-06,-1.7260858257477243e-06,-1.7872881864559366e-06,-1.8415764729418825e-06,-1.8885665699709911e-06,-1.927874362308693e-06,-1.959115734720416e-06,-1.9819065719715915e-06,-1.995862758827648e-06,-2.0006001800540163e-06,-1.995734720416125e-06,-1.980882264679404e-06,-1.955658697609283e-06,-1.919679903971191e-06,-1.872561768530559e-06,-1.8139201760528157e-06,-1.743371011303391e-06,-1.660530159047714e-06,-1.5650135040512151e-06,-1.4564369310793233e-06,-1.3344163248974693e-06,-1.1985675702710814e-06,-1.0485065519655898e-06,-8.838491547464239e-07,-7.04211263379013e-07,-5.09208762628788e-07,-2.984575372611792e-07,-7.157347204161299e-08,1.7182754826447928e-07,4.321296388916683e-07,7.097169150745227e-07,1.0049734920476158e-06,1.3182834850455137e-06,1.6500310093027904e-06,2.0006001800540163e-06,-0.09999999999999998,-0.10001996753662648,-0.10007987857865112,-0.10017975611455761,-0.1003196403135458,-0.10049958687590493,-0.1007196669568554,-0.10097996781004391,-0.1012805931665181,-0.10162166260504168,-0.1020033114530821,-0.10242569182945194,-0.10288897484157895,-0.10339334323623894,-0.10393899723998759,-0.10452615398899998,-0.10515504718860848,-0.1058259268823942,-0.10653906019979617,-0.1072947306622277,-0.10809323910428469,-0.10893490353466495,-0.1098200585061022,-0.11074905562552874,-0.11172226366722363,-0.11274006908378184,-0.11380287718908585,-0.11491111047878357,-0.11606520937989656,-0.11726563248236976,-0.11851285670379677,-0.1198073776200172,-0.12114970944293289,-0.12254038517096373,-0.12397995678649419,-0.12546899541449064,-0.1270080921432751,-0.12859785818742064,-0.13023892419125696,-0.13193194086610957,-0.13367757917812798,-0.1354765308811294,-0.13732950978647585,-0.13923725022941721,-0.14120050783417515,-0.14322005982864155,-0.1452967054990724,-0.14743126691177946,-0.149624589370041,-0.15187754031351944,-0.15419101033815097
2.0008002800960327e-08,1.994400280224084e-08,1.97523101290054e-08,1.9433846750023075e-08,1.8990149279908977e-08,1.8423368979124268e-08,1.7736271753976155e-08,1.6932238156617883e-08,1.601526338504875e-08,1.4989957283114102e-08,1.3861544340505315e-08,1.263586369275983e-08,1.1319369121261125e-08,9.919129053238715e-09,8.442826561768173e-09,6.898759365771122e-09,5.295839830015209e-09,3.6435949651141426e-09,1.9521664275276844e-09,2.3231051956161406e-10,-1.5046018106322199e-09,-3.246584969055921e-09,-4.981038715865571e-09,-6.694748165371187e-09,-8.373883786036738e-09,-1.0004001400480164e-08,-1.1570042185473347e-08,-1.3056332671942126e-08,-1.4446584744966293e-08,-1.5723895643779595e-08,-1.687074796176975e-08,-1.78690096464784e-08,-1.869993399960116e-08,-1.9344159676987604e-08,-1.9781710688641245e-08,-1.999199639871956e-08,-1.9953811525533983e-08,-1.96453361415499e-08,-1.9044135673386642e-08,-1.812716090181751e-08,-1.6870747961769745e-08,-1.5250618342324557e-08,-1.3241878886717117e-08,-1.08190217923365e-08,-7.955924610725797e-09,-4.625850247582007e-09,-8.014469627561484e-10,3.545251629746892e-09,8.442826561768176e-09,1.3920473510994921e-08,2.0008002800960327e-08,-0.09999999999999998,-0.10001996752410382,-0.10007987849851818,-0.10017975586332493,-0.1003196397394412,-0.10049958578074657,-0.10071966509611847,-0.10097996489335725,-0.10128058885882232,-0.10162165652736202,-0.10200330318339222,-0.1024256809049393,-0.10288896075885963,-0.10339332545324485,-0.10393897517782957,-0.10452612703376317,-0.10515501469327268,-0.10582588816859702,-0.10653901456061608,-0.1072946773639158,-0.10809317738954725,-0.10893483262491604,-0.10981997760377835,-0.11074896391681832,-0.11172216032496861,-0.11273995327153064,-0.11380274806449675,-0.11491096719663221,-0.1160650510961651,-0.11726545835828046,-0.11851266591000192,-0.1198071693392957,-0.12114948287446156,-0.12254013953515551,-0.12397969132950104,-0.12546870941285332,-0.1270077849105361,-0.1285975290763579,-0.1302385726000222,-0.13193156624349883,-0.1336771810289717,-0.1354761087737582,-0.1373290633573595,-0.13923677918799332,-0.14120001196971155,-0.14321953901646786,-0.14529615970749357,-0.14743069621200158,-0.1496239939372451,-0.1518769204363574,-0.15419036642582135
1.0,1.0,1.0,1.0,1.0,1.0,1.0,1.0,1.0,1.0,1.0,1.0,1.0,1.0,1.0,1.0,1.0,1.0,1.0,1.0,1.0,1.0,1.0,1.0,1.0,1.0,1.0,1.0,1.0,1.0,1.0,1.0,1.0,1.0,1.0,1.0,1.0,1.0,1.0,1.0,1.0,1.0,1.0,1.0,1.0,1.0,1.0,1.0,1.0,1.0,1.0,0.09999999999999998,0.10021997481215189,0.10087998562387074,0.1019802951085832,0.10352133896040736,0.10550373006405454,0.10792825902507476,0.11079589186844213,0.11410776713449193,0.11786520122607484,0.12206968711664441,0.12672289483268878,0.13182667111298257,0.13738303991658748,0.14339420378310452,0.149862543710711,0.1567906194216391,0.16418116966717522,0.17203711254765658,0.18036154626344927,0.18915774916141617,0.19842917949238617,0.20817947648439486,0.21841246032649536,0.2291321308134954,0.2403426687461156,0.2520484361334193,0.2642539736204496,0.276964000667285,0.29018341710478773,0.3039173001348683,0.3181709003663508,0.3329496462447796,0.34825914086663123,0.36410515437776775,0.3804936267788544,0.39743066439224684,0.41492253424422704,0.432975664984257,0.45159663768531955,0.4707921823360912,0.49056917662756355,0.5109346320538406,0.5318956942488351,0.5534596346918532,0.5756338355059666,0.5984257912595907,0.6218430921659842,0.6458934105963688,0.6705845009695616,0.6959241722139933
0.0,0.0004,0.0008,0.0012,0.0016,0.002,0.0024,0.0028000000000000004,0.0032,0.0036,0.004,0.0044,0.0048,0.0052,0.005600000000000001,0.006,0.0064,0.0068000000000000005,0.0072,0.0076,0.008,0.0084,0.0088,0.0092,0.0096,0.01,0.0104,0.0108,0.011200000000000002,0.0116,0.012,0.0124,0.0128,0.0132,0.013600000000000001,0.014000000000000002,0.0144,0.0148,0.0152,0.015600000000000001,0.016,0.0164,0.0168,0.0172,0.0176,0.018000000000000002,0.0184,0.0188,0.0192,0.0196,0.02,0.09999999999999998,0.10001999590027516,0.10008009241487378,0.10018047470236537,0.10032134569067849,0.10050291956876017,0.1007254281173315,0.10098911945189373,0.10129425869053359,0.10164112712826137,0.10203002226817937,0.10246125931761331,0.10293517269521732,0.10345210934529186,0.10401243445171247,0.10461653100253582,0.10526479944057689,0.10595765737788404,0.1066955408211784,0.10747890297998378,0.10830821590210213,0.10918396989418996,0.11010667289904719,0.11107685120795878,0.11209504965816401,0.11316183276407804,0.11427778531868525,0.11544351091085382,0.11665963296528878,0.11792679499915483,0.11924566065733776,0.12061691353652584,0.12204125821703685,0.12351942020766801,0.1250521461521247,0.12664020422238242,0.12828438516802743,0.12998550144256896,0.13174438772460306,0.13356190126654435,0.135438922253316,0.1373763553503281,0.13937512863718424,0.1414361939235867,0.14356052729951527,0.1457491296243772,0.14800302716508,0.15032327261053452,0.15271094365981525,0.1551671442186748,0.15769300471913997
-0.00020004000800160032,-0.00019987997599519902,-0.0001993998799759952,-0.0001985997199439888,-0.00019747949589917982,-0.00019603920784156832,-0.00019427885577115423,-0.0001921984396879376,-0.0001897979595919184,-0.00018707741548309662,-0.00018403680736147227,-0.0001806761352270454,-0.00017699539907981598,-0.00017299459891978396,-0.0001686737347469494,-0.00016403280656131228,-0.00015907181436287257,-0.00015379075815163032,-0.00014818963792758553,-0.00014226845369073816,-0.0001360272054410882,-0.00012946589317863573,-0.00012258451690338068,-0.00011538307661532306,-0.0001078615723144629,-0.00010002000400080016,-9.185837167433485e-05,-8.3376675335067e-05,-7.457491498299658e-05,-6.545309061812364e-05,-5.601120224044809e-05,-4.624924984996999e-05,-3.616723344668933e-05,-2.5765153030606106e-05,-1.5043008601720308e-05,-4.000800160031966e-06,7.36147229445888e-06,1.904380876175234e-05,3.104620924184837e-05,4.336867373474697e-05,5.601120224044814e-05,6.897379475895184e-05,8.2256451290258e-05,9.585917183436685e-05,0.00010978195639127825,0.0001240248049609922,0.0001385877175435087,0.00015347069413882783,0.0001686737347469494,0.00018419683936787354,0.00020004000800160032,0.09999999999999998,0.10001992752612877,0.10007971855111006,0.10017939615722352,0.10031900070148111,0.10049858818394936,0.10071823015613374,0.10097801432014322,0.10127804500698,0.10161844249638007,0.10199934283938791,0.10242089912228168,0.1028832833985974,0.10338667943708539,0.10393128867191744,0.10451732952778768,0.10514503708212689,0.10581466286668095,0.10652647559665991,0.10728076047830243,0.10807782017693844,0.10891797457388994,0.10980156022338437,0.11072893084011835,0.11170045741307337,0.11271652877125733,0.11377755267971029,0.11488395417657055,0.11603617636141916,0.11723468061063604,0.11847994674663061,0.11977247337041659,0.12111277782496158,0.12250139636231125,0.12393888433718311,0.12542581636713349,0.1269627872335414,0.128550411862289,0.13018932477243725,0.13188018067633475,0.133623654668325,0.1354204428311328,0.1372712633925309,0.13917685520447912,0.1411379785686798,0.14315541552724076,0.14522997034067836,0.14736247028873775,0.14955376585971994,0.15180472990063454,0.15411625856104572
0.0,-1.1997199159747926e-07,-2.3955986796038814e-07,-3.583795138541562e-07,-4.760468140442133e-07,-5.921776532959888e-07,-7.063879163749124e-07,-8.182934880464141e-07,-9.275102530759228e-07,-1.0336540962288686e-06,-1.1363409022706814e-06,-1.23518655596679e-06,-1.3298069420826246e-06,-1.419817945383615e-06,-1.5048354506351907e-06,-1.584475342602781e-06,-1.6583535060518155e-06,-1.7260858257477243e-06,-1.7872881864559366e-06,-1.8415764729418825e-06,-1.8885665699709911e-06,-1.927874362308693e-06,-1.959115734720416e-06,-1.9819065719715915e-06,-1.995862758827648e-06,-2.0006001800540163e-06,-1.995734720416125e-06,-1.980882264679404e-06,-1.955658697609283e-06,-1.919679903971191e-06,-1.872561768530559e-06,-1.8139201760528157e-06,-1.743371011303391e-06,-1.660530159047714e-06,-1.5650135040512151e-06,-1.4564369310793233e-06,-1.3344163248974693e-06,-1.1985675702710814e-06,-1.0485065519655898e-06,-8.838491547464239e-07,-7.04211263379013e-07,-5.09208762628788e-07,-2.984575372611792e-07,-7.157347204161299e-08,1.7182754826447928e-07,4.321296388916683e-07,7.097169150745227e-07,1.0049734920476158e-06,1.3182834850455137e-06,1.6500310093027904e-06,2.0006001800540163e-06,0.09999999999999998,0.1000199675195961,0.10007987845034644,0.10017975568380369,0.10031963929236623,0.10049958488320355,0.10071966351837774,0.10097996235933045,0.10128058504714971,0.10162165107202198,0.10200329567466211,0.10242567089122757,0.10288894774723494,0.10339330891124762,0.10393895453500863,0.10452610168349655,0.10515498399471511,0.10582585144831644,0.10653897111541123,0.10729462646249524,0.10809311827563145,0.108934764519785,0.10981989970843468,0.11074887541471122,0.11172206038490026,0.11273984105165416,0.11380262271584823,0.11491082786621887,0.11606489693109087,0.11726528850986094,0.11851247953804683,0.1198069656148659,0.12114926098426076,0.12253989868650275,0.12397943075497006,0.12546842837507116,0.12700748270913378,0.1285972050501708,0.1302382261335107,0.13193119677223333,0.1336767880452511,0.13547569183456165,0.13732862208913227,0.13923631329164435,0.14119952122787496,0.1432190233000619,0.14529561898306415,0.14743013055249335,0.14962340352268558,0.1518763055641225,0.15418972751814683
2.0008002800960327e-08,1.994400280224084e-08,1.97523101290054e-08,1.9433846750023075e-08,1.8990149279908977e-08,1.8423368979124268e-08,1.7736271753976155e-08,1.6932238156617883e-08,1.601526338504875e-08,1.4989957283114102e-08,1.3861544340505315e-08,1.263586369275983e-08,1.1319369121261125e-08,9.919129053238715e-09,8.442826561768173e-09,6.898759365771122e-09,5.295839830015209e-09,3.6435949651141426e-09,1.9521664275276844e-09,2.3231051956161406e-10,-1.5046018106322199e-09,-3.246584969055921e-09,-4.981038715865571e-09,-6.694748165371187e-09,-8.373883786036738e-09,-1.0004001400480164e-08,-1.1570042185473347e-08,-1.3056332671942126e-08,-1.4446584744966293e-08,-1.5723895643779595e-08,-1.687074796176975e-08,-1.78690096464784e-08,-1.869993399960116e-08,-1.9344159676987604e-08,-1.9781710688641245e-08,-1.999199639871956e-08,-1.9953811525533983e-08,-1.96453361415499e-08,-1.9044135673386642e-08,-1.812716090181751e-08,-1.6870747961769745e-08,-1.5250618342324557e-08,-1.3241878886717117e-08,-1.08190217923365e-08,-7.955924610725797e-09,-4.625850247582007e-09,-8.014469627561484e-10,3.545251629746892e-09,8.442826561768176e-09,1.3920473510994921e-08,2.0008002800960327e-08,0.09999999999999998,0.10001996753210753,0.1000798785304687,0.10017975593502897,0.10031963986647038,0.10049958597834559,0.1007196653790843,0.10097996527599438,0.10128058935482975,0.10162165714971358,0.10200330394437153,0.10242568181584215,0.1028889618301308,0.1033933266944342,0.10393897659736846,0.10452612863895483,0.10515501649028453,0.10582589016236493,0.10653901675485769,0.10729467976107535,0.10809317999070175,0.10893483542992292,0.10981998061118209,0.11074896712384448,0.11172216372752732,0.1127399568642546,0.11380275184080192,0.11491097114875427,0.11606505521522885,0.11726546263437847,0.11851267033229067,0.11980717389607136,0.12114948755325228,0.12254014432286127,0.12397969621252661,0.125468714377253,0.12700778994245934,0.1285975341618668,0.1302385777254176,0.13193157139553444,0.13367718619507804,0.13547611394260717,0.1373290685189705,0.13923678433383432,0.1412000170931343,0.14321954411303092,0.14529616477540044,0.14743070125308916,0.14962399895635295,0.1518769254421962,0.15419037143140268
1.0,1.0,1.0,1.0,1.0,1.0,1.0,1.0,1.0,1.0,1.0,1.0,1.0,1.0,1.0,1.0,1.0,1.0,1.0,1.0,1.0,1.0,1.0,1.0,1.0,1.0,1.0,1.0,1.0,1.0,1.0,1.0,1.0,1.0,1.0,1.0,1.0,1.0,1.0,1.0,1.0,1.0,1.0,1.0,1.0,1.0,1.0,1.0,1.0,1.0,1.0,0.30000000000000016,0.3002591132205476,0.30103655052537315,0.30233260894256075,0.30414778101879153,0.3064827594092748,0.30933843774007697,0.31271590538998867,0.316616447063571,0.32104154635573945,0.3259928840170366,0.33147233762509276,0.33748198178297634,0.3440240872783497,0.3511011201008134,0.3587157419421308,0.3668708087187431,0.3755693696715017,0.38481466763257977,0.39461013630510705,0.4049593994983044,0.41586627122591385,0.4273347511460175,0.4393690243496474,0.4519734606224086,0.4651526078197433,0.4789111925207588,0.493254117667456,0.5081864536004193,0.5237134398489244,0.5398404802181992,0.5565731314470425,0.5739171061734045,0.5918782643077042,0.610462599702922,0.6296762439121785,0.6495254524922319,0.6700165907013205,0.6911561369875623,0.7129506627453468,0.7354068189139557,0.7585313364881232,0.7823310015104309,0.8068126391253327,0.831983114691078,0.8578492976647017,0.8844180516862867,0.9116962219535649,0.9396906078218826,0.9684079388547947,0.9978548544326203
0.0,0.0004,0.0008,0.0012,0.0016,0.002,0.0024,0.0028000000000000004,0.0032,0.0036,0.004,0.0044,0.0048,0.0052,0.005600000000000001,0.006,0.0064,0.0068000000000000005,0.0072,0.0076,0.008,0.0084,0.0088,0.0092,0.0096,0.01,0.0104,0.0108,0.011200000000000002,0.0116,0.012,0.0124,0.0128,0.0132,0.013600000000000001,0.014000000000000002,0.0144,0.0148,0.0152,0.015600000000000001,0.016,0.0164,0.0168,0.0172,0.0176,0.018000000000000002,0.0184,0.0188,0.0192,0.0196,0.02,0.30000000000000016,0.3000591340308122,0.300236660484071,0.30053281117636876,0.3009478578944063,0.301482117520223,0.30213595458536835,0.30290977848806927,0.30380404360224167,0.3048192553745601,0.3059559602888135,0.3072147509803131,0.30859626759049585,0.3101011966528245,0.31173027170165685,0.31348427325699524,0.3153640296415588,0.31737041575734914,0.31950435382891024,0.3217668136589597,0.3241588136045735,0.32668142197652017,0.32933575495155515,0.3321229777574956,0.33504430501673066,0.33810100098313917,0.34129437974821303,0.3446258057051639,0.34809669377049696,0.351708509668077,0.3554627705184281,0.3593610455906389,0.3634049556689261,0.3675961737237327,0.3719364252460169,0.37642748886991273,0.38107119715781823,0.3858694359775646,0.39082414520758896,0.39593731909854896,0.4012110066564154,0.4066473120468962,0.41224839481166387,0.4180164702623941,0.42395380982871134,0.4300627411862761,0.4363456482182161,0.4428049719769598,0.44944321077152793,0.4562629202400113,0.46326671278100195
-0.00020004000800160032,-0.00019987997599519902,-0.0001993998799759952,-0.0001985997199439888,-0.00019747949589917982,-0.00019603920784156832,-0.00019427885577115423,-0.0001921984396879376,-0.0001897979595919184,-0.00018707741548309662,-0.00018403680736147227,-0.0001806761352270454,-0.00017699539907981598,-0.00017299459891978396,-0.0001686737347469494,-0.00016403280656131228,-0.00015907181436287257,-0.00015379075815163032,-0.00014818963792758553,-0.00014226845369073816,-0.0001360272054410882,-0.00012946589317863573,-0.00012258451690338068,-0.00011538307661532306,-0.0001078615723144629,-0.00010002000400080016,-9.185837167433485e-05,-8.3376675335067e-05,-7.457491498299658e-05,-6.545309061812364e-05,-5.601120224044809e-05,-4.624924984996999e-05,-3.616723344668933e-05,-2.5765153030606106e-05,-1.5043008601720308e-05,-4.000800160031966e-06,7.36147229445888e-06,1.904380876175234e-05,3.104620924184837e-05,4.336867373474697e-05,5.601120224044814e-05,6.897379475895184e-05,8.2256451290258e-05,9.585917183436685e-05,0.00010978195639127825,0.0001240248049609922,0.0001385877175435087,0.00015347069413882783,0.0001686737347469494,0.00018419683936787354,0.00020004000800160032,0.30000000000000016,0.300059066257361,0.300236287869872,0.30053173200961986,0.3009455123151423,0.30147778561686195,0.30212875625664504,0.30289867325935455,0.3037878303176488,0.3047965718914899,0.3059252830842092,0.30717439471024277,0.3085443845333395,0.3100357762027275,0.3116491396639526,0.31338509117288244,0.31524429390319336,0.31722745701148236,0.3193353361791106,0.3215687337899383,0.32392849958843123,0.3264155321476931,0.329030776868122,0.33177522690649747,0.33464992347451084,0.33765595615811156,0.3407944635567633,0.34406663287959516,0.34747370034231284,0.3510169514330161,0.3546977212914856,0.3585173958306728,0.36247741082603735,0.3665792524095853,0.370824457435737,0.375214613838575,0.3797513617683115,0.38443639285808245,0.3892714506255374,0.3942583308975064,0.3993988821137138,0.40469500584061624,0.4101486568353381,0.41576184333678917,0.42153662740605025,0.4274751252040149,0.43357950684853735,0.439851997001514,0.44629487524039657,0.4529104762263014,0.4597011893039968
0.0,-1.1997199159747926e-07,-2.3955986796038814e-07,-3.583795138541562e-07,-4.760468140442133e-07,-5.921776532959888e-07,-7.063879163749124e-07,-8.182934880464141e-07,-9.275102530759228e-07,-1.0336540962288686e-06,-1.1363409022706814e-06,-1.23518655596679e-06,-1.3298069420826246e-06,-1.419817945383615e-06,-1.5048354506351907e-06,-1.584475342602781e-06,-1.6583535060518155e-06,-1.7260858257477243e-06,-1.7872881864559366e-06,-1.8415764729418825e-06,-1.8885665699709911e-06,-1.927874362308693e-06,-1.959115734720416e-06,-1.9819065719715915e-06,-1.995862758827648e-06,-2.0006001800540163e-06,-1.995734720416125e-06,-1.980882264679404e-06,-1.955658697609283e-06,-1.919679903971191e-06,-1.872561768530559e-06,-1.8139201760528157e-06,-1.743371011303391e-06,-1.660530159047714e-06,-1.5650135040512151e-06,-1.4564369310793233e-06,-1.3344163248974693e-06,-1.1985675702710814e-06,-1.0485065519655898e-06,-8.838491547464239e-07,-7.04211263379013e-07,-5.09208762628788e-07,-2.984575372611792e-07,-7.157347204161299e-08,1.7182754826447928e-07,4.321296388916683e-07,7.097169150745227e-07,1.0049734920476158e-06,1.3182834850455137e-06,1.6500310093027904e-06,2.0006001800540163e-06,0.30000000000000016,0.30005910625274196,0.30023644777297653,0.3005320915364272,0.3009461508987937,0.3014787822821465,0.3021301895657488,0.30290062118003697,0.3037903701397425,0.3047997801018888,0.30592923533202043,0.30717916565512504,0.3085500477624008,0.3100424041321201,0.3116568034403984,0.3133938605687,0.31525423722418083,0.31723864099815097,0.31934782590478134,0.3215825925603267,0.32394378882017444,0.3264323112776456,0.3290491032595486,0.33179515573854246,0.33467150763804077,0.33767924614396183,0.3408195073487755,0.34409347585438266,0.3475023851587805,0.35104751792410793,0.3547302063419805,0.3585518332611738,0.36251383129961967,0.36661768331039496,0.3708649227549124,0.3752571340471876,0.37979595368629143,0.3844830695609871,0.3893202213139248,0.39430920077514137,0.39945185226141555,0.40475007307788463,0.41020581360232283,0.4158210775631461,0.4215979223798781,0.4275384594430934,0.43364485396968194,0.4399193255601552,0.44636414860035556,0.45298165241770794,0.4597742209173118
2.0008002800960327e-08,1.994400280224084e-08,1.97523101290054e-08,1.9433846750023075e-08,1.8990149279908977e-08,1.8423368979124268e-08,1.7736271753976155e-08,1.6932238156617883e-08,1.601526338504875e-08,1.4989957283114102e-08,1.3861544340505315e-08,1.263586369275983e-08,1.1319369121261125e-08,9.919129053238715e-09,8.442826561768173e-09,6.898759365771122e-09,5.295839830015209e-09,3.6435949651141426e-09,1.9521664275276844e-09,2.3231051956161406e-10,-1.5046018106322199e-09,-3.246584969055921e-09,-4.981038715865571e-09,-6.694748165371187e-09,-8.373883786036738e-09,-1.0004001400480164e-08,-1.1570042185473347e-08,-1.3056332671942126e-08,-1.4446584744966293e-08,-1.5723895643779595e-08,-1.687074796176975e-08,-1.78690096464784e-08,-1.869993399960116e-08,-1.9344159676987604e-08,-1.9781710688641245e-08,-1.999199639871956e-08,-1.9953811525533983e-08,-1.96453361415499e-08,-1.9044135673386642e-08,-1.812716090181751e-08,-1.6870747961769745e-08,-1.5250618342324557e-08,-1.3241878886717117e-08,-1.08190217923365e-08,-7.955924610725797e-09,-4.625850247582007e-09,-8.014469627561484e-10,3.545251629746892e-09,8.442826561768176e-09,1.3920473510994921e-08,2.0008002800960327e-08,0.30000000000000016,0.3000591062650731,0.30023644785272685,0.300532091787858,0.3009461514731102,0.3014787833774692,0.3021301914266746,0.30290062409687146,0.3037903744475934,0.3047997861796448,0.30592924360140217,0.30717917657928323,0.3085500618444641,0.31004242191380643,0.31165682550018325,0.3133938875200359,0.3152542697132599,0.31723867970232256,0.3193478715305059,0.3215826458409583,0.32394385051297586,0.32643238216091464,0.32904918413014805,0.33179524740867306,0.3346716109319587,0.33767936189458553,0.3408196363955395,0.3440936190393545,0.3475025433227923,0.35104769190296176,0.3547303969620669,0.3585520413354981,0.3625140576241866,0.3666179286594746,0.3708651878765224,0.37525741965795656,0.37979626046614345,0.38448339814919164,0.38932057230345746,0.39430957470734496,0.39945224962038256,0.4047504942842954,0.4102062590079806,0.4158215474448277,0.4215984169331143,0.42753897877595637,0.43364539809649333,0.43991989439356516,0.4463647419448102,0.452982269962238,0.4597748622299796
1.0,1.0,1.0,1.0,1.0,1.0,1.0,1.0,1.0,1.0,1.0,1.0,1.0,1.0,1.0,1.0,1.0,1.0,1.0,1.0,1.0,1.0,1.0,1.0,1.0,1.0,1.0,1.0,1.0,1.0,1.0,1.0,1.0,1.0,1.0,1.0,1.0,1.0,1.0,1.0,1.0,1.0,1.0,1.0,1.0,1.0,1.0,1.0,1.0,1.0,1.0,0.5000000000000001,0.5002958940845779,0.5011836795226857,0.5026636678292992,0.5047363778934231,0.5074025358686847,0.5106630743790758,0.5145191322173867,0.5189720537838579,0.5240233871599148,0.5296748845716444,0.5359284997496425,0.5427863871377732,0.5502509007957211,0.5583245907620414,0.5670102033116302,0.5763106766576205,0.5862291389621703,0.596768906484987,0.6079334776256344,0.6197265323869191,0.6321519272287139,0.6452136891450003,0.6589160122030487,0.6732632520026,0.6882599203617134,0.7039106782550208,0.7202203288230585,0.7371938097326873,0.7548361857674958,0.7731526386354958,0.7921484573229061,0.8118290289023107,0.832199825469185,0.8532663924213784,0.8750343363854426,0.8975093091053867,0.9206969932540283,0.944603086944237,0.9692332835716042,0.994593256104405,1.0206886383382414,1.0475250033389245,1.075107834598767,1.1034425104729737,1.1325342789566508,1.162388230234344,1.1930092651388324,1.2244020727771563,1.2565710993783141,1.2895205164287282
0.0,0.0004,0.0008,0.0012,0.0016,0.002,0.0024,0.0028000000000000004,0.0032,0.0036,0.004,0.0044,0.0048,0.0052,0.005600000000000001,0.006,0.0064,0.0068000000000000005,0.0072,0.0076,0.008,0.0084,0.0088,0.0092,0.0096,0.01,0.0104,0.0108,0.011200000000000002,0.0116,0.012,0.0124,0.0128,0.0132,0.013600000000000001,0.014000000000000002,0.0144,0.0148,0.0152,0.015600000000000001,0.016,0.0164,0.0168,0.0172,0.0176,0.018000000000000002,0.0184,0.0188,0.0192,0.0196,0.02,0.5000000000000001,0.5000959155931541,0.5003837999209353,0.5008639162002518,0.5015365915673149,0.5024022208931003,0.5034612673933697,0.5047142617154539,0.5061618052806823,0.5078045658300474,0.5096432760302744,0.5116787382536466,0.5139118227985261,0.5163434680351106,0.5189746806691381,0.5218065355000728,0.524840175200961,0.5280768104858493,0.5315177201097842,0.53516425144571,0.5390178213184845,0.5430799141751756,0.5473520827540612,0.5518359481025297,0.5565331995369309,0.5614455947167588,0.5665749596202886,0.5719231883573528,0.577492242506923,0.5832841519811413,0.589301014551631,0.5955449942884038,0.6020183232719857,0.6087233010425318,0.6156622919019428,0.622837727390424,0.6302521059311779,0.6379079885339352,0.6458080019878089,0.6539548392020134,0.6623512538550144,0.6710000623186821,0.6799041440566367,0.6890664371120787,0.6984899422834991,0.7081777166382879,0.7181328751984251,0.7283585912422241,0.7388580884035398,0.7496346490836753,0.7606916002698897
-0.00020004000800160032,-0.00019987997599519902,-0.0001993998799759952,-0.0001985997199439888,-0.00019747949589917982,-0.00019603920784156832,-0.00019427885577115423,-0.0001921984396879376,-0.0001897979595919184,-0.00018707741548309662,-0.00018403680736147227,-0.0001806761352270454,-0.00017699539907981598,-0.00017299459891978396,-0.0001686737347469494,-0.00016403280656131228,-0.00015907181436287257,-0.00015379075815163032,-0.00014818963792758553,-0.00014226845369073816,-0.0001360272054410882,-0.00012946589317863573,-0.00012258451690338068,-0.00011538307661532306,-0.0001078615723144629,-0.00010002000400080016,-9.185837167433485e-05,-8.3376675335067e-05,-7.457491498299658e-05,-6.545309061812364e-05,-5.601120224044809e-05,-4.624924984996999e-05,-3.616723344668933e-05,-2.5765153030606106e-05,-1.5043008601720308e-05,-4.000800160031966e-06,7.36147229445888e-06,1.904380876175234e-05,3.104620924184837e-05,4.336867373474697e-05,5.601120224044814e-05,6.897379475895184e-05,8.2256451290258e-05,9.585917183436685e-05,0.00010978195639127825,0.0001240248049609922,0.0001385877175435087,0.00015347069413882783,0.0001686737347469494,0.00018419683936787354,0.00020004000800160032,0.5000000000000001,0.5000958483309856,0.5003834271697288,0.5008628369117455,0.5015342459148266,0.5023978890465609,0.50345406939446,0.5047031573188977,0.5061455936853159,0.5077818854201136,0.5096126040212852,0.5116383902747471,0.513859952473177,0.5162780664434039,0.5188935755559436,0.5217073907074613,0.5247204903036545,0.5279339202731544,0.5313487940675264,0.5349662926607781,0.538787664526252,0.5428142256532473,0.5470473595567412,0.551488517269556,0.5561392165935527,0.5610010422447841,0.5660756466862589,0.5713647497012518,0.5768701375502688,0.5825936620340074,0.5885372424238867,0.5947028641023775,0.6010925771213559,0.6077084984418655,0.6145528104684063,0.621627758201633,0.6289356529009981,0.6364788704394413,0.6442598466849772,0.6522810824835307,0.6605451423585601,0.669054648469626,0.6778122848412634,0.686820795347165,0.6960829807045651,0.7056017021779253,0.7153798738006512,0.7254204666045596,0.7357265059893316,0.7463010657838193,0.7571472761327458
0.0,-1.1997199159747926e-07,-2.3955986796038814e-07,-3.583795138541562e-07,-4.760468140442133e-07,-5.921776532959888e-07,-7.063879163749124e-07,-8.182934880464141e-07,-9.275102530759228e-07,-1.0336540962288686e-06,-1.1363409022706814e-06,-1.23518655596679e-06,-1.3298069420826246e-06,-1.419817945383615e-06,-1.5048354506351907e-06,-1.584475342602781e-06,-1.6583535060518155e-06,-1.7260858257477243e-06,-1.7872881864559366e-06,-1.8415764729418825e-06,-1.8885665699709911e-06,-1.927874362308693e-06,-1.959115734720416e-06,-1.9819065719715915e-06,-1.995862758827648e-06,-2.0006001800540163e-06,-1.995734720416125e-06,-1.980882264679404e-06,-1.955658697609283e-06,-1.919679903971191e-06,-1.872561768530559e-06,-1.8139201760528157e-06,-1.743371011303391e-06,-1.660530159047714e-06,-1.5650135040512151e-06,-1.4564369310793233e-06,-1.3344163248974693e-06,-1.1985675702710814e-06,-1.0485065519655898e-06,-8.838491547464239e-07,-7.04211263379013e-07,-5.09208762628788e-07,-2.984575372611792e-07,-7.157347204161299e-08,1.7182754826447928e-07,4.321296388916683e-07,7.097169150745227e-07,1.0049734920476158e-06,1.3182834850455137e-06,1.6500310093027904e-06,2.0006001800540163e-06,0.5000000000000001,0.5000958883261949,0.50038358706995,0.5008631964283832,0.5015348844633735,0.5023988856477909,0.5034555025653715,0.5047051049918629,0.5061481330635378,0.5077850929436536,0.5096165552204344,0.5116431596808231,0.5138656135175421,0.5162846913556641,0.5189012352586275,0.5217161547143504,0.5247304266198994,0.5279450952935962,0.5313612724750169,0.5349801373232422,0.5388029363776266,0.5428309835933904,0.5470656603491358,0.5515084154294875,0.5561607641667198,0.5610242888978474,0.5661006395304216,0.5713915331905439,0.5768987531518207,0.582624148374628,0.5885696351494003,0.5947371955642358,0.6011288764436531,0.6077467914506246,0.6145931193066992,0.6216701013675283,0.6289800452867229,0.6365253228818996,0.6443083659011684,0.6523316712784344,0.6605977991711324,0.6691093670849175,0.677869054745094,0.6868796010326148,0.6961438020486779,0.7056645140673198,0.7154446457519625,0.7254871632220008,0.7357950860285319,0.7463714826834418,0.7572194775746218
2.0008002800960327e-08,1.994400280224084e-08,1.97523101290054e-08,1.9433846750023075e-08,1.8990149279908977e-08,1.8423368979124268e-08,1.7736271753976155e-08,1.6932238156617883e-08,1.601526338504875e-08,1.4989957283114102e-08,1.3861544340505315e-08,1.263586369275983e-08,1.1319369121261125e-08,9.919129053238715e-09,8.442826561768173e-09,6.898759365771122e-09,5.295839830015209e-09,3.6435949651141426e-09,1.9521664275276844e-09,2.3231051956161406e-10,-1.5046018106322199e-09,-3.246584969055921e-09,-4.981038715865571e-09,-6.694748165371187e-09,-8.373883786036738e-09,-1.0004001400480164e-08,-1.1570042185473347e-08,-1.3056332671942126e-08,-1.4446584744966293e-08,-1.5723895643779595e-08,-1.687074796176975e-08,-1.78690096464784e-08,-1.869993399960116e-08,-1.9344159676987604e-08,-1.9781710688641245e-08,-1.999199639871956e-08,-1.9953811525533983e-08,-1.96453361415499e-08,-1.9044135673386642e-08,-1.812716090181751e-08,-1.6870747961769745e-08,-1.5250618342324557e-08,-1.3241878886717117e-08,-1.08190217923365e-08,-7.955924610725797e-09,-4.625850247582007e-09,-8.014469627561484e-10,3.545251629746892e-09,8.442826561768176e-09,1.3920473510994921e-08,2.0008002800960327e-08,0.5000000000000001,0.500095888338371,0.5003835871497592,0.5008631966798842,0.5015348850377334,0.5023988867431631,0.5034555044262601,0.5047051079085623,0.5061481373708714,0.5077850990205942,0.5096165634884748,0.5116431706027904,0.5138656275962654,0.5162847091323373,0.5189012573103418,0.52171618165237,0.5247304590885776,0.5279451339687875,0.5313613180624895,0.5349801905568835,0.5388029980131779,0.5428310544062892,0.547065741133152,0.5515085069941488,0.5561608673322664,0.5610244044932451,0.5661007683907125,0.5713916761539847,0.5768989110535051,0.582624322043583,0.5885698254053308,0.5947374032116668,0.6011291022690375,0.6077470362187424,0.6145933837536871,0.6216703861968409,0.6289803511661254,0.6365256504355431,0.644308715704376,0.6523320438555829,0.6605981949872958,0.6691097865382563,0.6778694981654747,0.686880068670076,0.6961442940723342,0.7056650305564194,0.7154451866869967,0.7254877284836116,0.735795675382519,0.7463720957806798,0.7572201139404492
1.0,1.0,1.0,1.0,1.0,1.0,1.0,1.0,1.0,1.0,1.0,1.0,1.0,1.0,1.0,1.0,1.0,1.0,1.0,1.0,1.0,1.0,1.0,1.0,1.0,1.0,1.0,1.0,1.0,1.0,1.0,1.0,1.0,1.0,1.0,1.0,1.0,1.0,1.0,1.0,1.0,1.0,1.0,1.0,1.0,1.0,1.0,1.0,1.0,1.0,1.0,0.7000000000000001,0.7003288522431759,0.7013155088819018,0.7029602715279016,0.7052636422686999,0.7082263234184298,0.7118492159384199,0.7161334184622287,0.721080226750618,0.726691129156981,0.7329678074651108,0.7399121329218854,0.7475261622097217,0.7558121377036737,0.7647724793572199,0.7744097841860704,0.7847268211803868,0.7957265234601382,0.8074119881433776,0.8197864653148889,0.8328533538957145,0.8466161960307409,0.8610786665695287,0.8762445655338054,0.8921178090442474,0.9087024216771541,0.9260025240828201,0.9440223219848872,0.9627660941680397,0.9822381800986113,1.0024429657982796,1.0233848679294852,1.045068319875751,1.067497754059548,1.090677583411407,1.1146121841160808,1.139305874470106,1.1647628936112935,1.1909873804531208,1.2179833490047896,1.2457546644258757,1.2743050182126212,1.3036379008942445,1.3337565724642566,1.3646640353279949,1.3963630036680696,1.4288558730230572,1.462144688168581,1.496231109577607,1.5311163821465328,1.5668013001556909
0.0,0.0004,0.0008,0.0012,0.0016,0.002,0.0024,0.0028000000000000004,0.0032,0.0036,0.004,0.0044,0.0048,0.0052,0.005600000000000001,0.006,0.0064,0.0068000000000000005,0.0072,0.0076,0.008,0.0084,0.0088,0.0092,0.0096,0.01,0.0104,0.0108,0.011200000000000002,0.0116,0.012,0.0124,0.0128,0.0132,0.013600000000000001,0.014000000000000002,0.0144,0.0148,0.0152,0.015600000000000001,0.016,0.0164,0.0168,0.0172,0.0176,0.018000000000000002,0.0184,0.0188,0.0192,0.0196,0.02,0.7000000000000001,0.7001288743948746,0.700515641561418,0.7011605812997286,0.7020640495057571,0.7032264808957389,0.7046483903520742,0.7063303702149047,0.7082730974479406,0.7104773214363276,0.7129438702025834,0.7156736508334538,0.7186676482471529,0.7219269250359412,0.7254526205633718,0.7292459517058382,0.7333082124271805,0.7376407724456463,0.7422450761004532,0.7471226435497543,0.752275069626171,0.7577040222469261,0.7634112426431112,0.7693985450008604,0.7756678150108754,0.7822210074002354,0.7890601476845158,0.79618733069364,0.8036047171540603,0.8113145333410735,0.819319071761968,0.8276206887155488,0.8362217994322809,0.8451248805807473,0.8543324684240456,0.8638471545824429,0.8736715826383941,0.8838084507773922,0.8942605080829206,0.9050305471811668,0.9161214060282714,0.927535966558727,0.9392771493761489,0.9513479059447749,0.9637512232788095,0.9764901189598962,0.9895676315281983,1.0029868189671958,1.016750759371782,1.030862543956681,1.045325264332693
-0.00020004000800160032,-0.00019987997599519902,-0.0001993998799759952,-0.0001985997199439888,-0.00019747949589917982,-0.00019603920784156832,-0.00019427885577115423,-0.0001921984396879376,-0.0001897979595919184,-0.00018707741548309662,-0.00018403680736147227,-0.0001806761352270454,-0.00017699539907981598,-0.00017299459891978396,-0.0001686737347469494,-0.00016403280656131228,-0.00015907181436287257,-0.00015379075815163032,-0.00014818963792758553,-0.00014226845369073816,-0.0001360272054410882,-0.00012946589317863573,-0.00012258451690338068,-0.00011538307661532306,-0.0001078615723144629,-0.00010002000400080016,-9.185837167433485e-05,-8.3376675335067e-05,-7.457491498299658e-05,-6.545309061812364e-05,-5.601120224044809e-05,-4.624924984996999e-05,-3.616723344668933e-05,-2.5765153030606106e-05,-1.5043008601720308e-05,-4.000800160031966e-06,7.36147229445888e-06,1.904380876175234e-05,3.104620924184837e-05,4.336867373474697e-05,5.601120224044814e-05,6.897379475895184e-05,8.2256451290258e-05,9.585917183436685e-05,0.00010978195639127825,0.0001240248049609922,0.0001385877175435087,0.00015347069413882783,0.0001686737347469494,0.00018419683936787354,0.00020004000800160032,0.7000000000000001,0.7001288073019563,0.7005152687863181,0.7011595020104776,0.7020617039273097,0.703222149305801,0.7046411929996098,0.7063192671780552,0.7082568884511434,0.7104546456114708,0.7129132058213801,0.7156333149727381,0.7186157964198494,0.7218615507919134,0.7253715549591397,0.7291468629002479,0.7331886052022059,0.7374979877396375,0.7420762901436477,0.7469248672573484,0.7520451479095908,0.7574386335254516,0.7631068979145487,0.769051587078691,0.7752744180406866,0.7817771759281414,0.7885617155403185,0.7956299602538849,0.8029838995247368,0.8106255861647634,0.818557138673074,0.8267807389234939,0.8352986275566914,0.8441131042532746,0.8532265279178006,0.862641313637833,0.8723599264857775,0.8823848847320869,0.8927187573874287,0.9033641592665043,0.9143237458889953,0.9256002172509656,0.9371963133236412,0.9491148054595293,0.9613584966836274,0.9739302215317748,0.9868328403271692,1.0000692281820485,1.0136422801105194,1.0275549062909968,1.0418100233073473
0.0,-1.1997199159747926e-07,-2.3955986796038814e-07,-3.583795138541562e-07,-4.760468140442133e-07,-5.921776532959888e-07,-7.063879163749124e-07,-8.182934880464141e-07,-9.275102530759228e-07,-1.0336540962288686e-06,-1.1363409022706814e-06,-1.23518655596679e-06,-1.3298069420826246e-06,-1.419817945383615e-06,-1.5048354506351907e-06,-1.584475342602781e-06,-1.6583535060518155e-06,-1.7260858257477243e-06,-1.7872881864559366e-06,-1.8415764729418825e-06,-1.8885665699709911e-06,-1.927874362308693e-06,-1.959115734720416e-06,-1.9819065719715915e-06,-1.995862758827648e-06,-2.0006001800540163e-06,-1.995734720416125e-06,-1.980882264679404e-06,-1.955658697609283e-06,-1.919679903971191e-06,-1.872561768530559e-06,-1.8139201760528157e-06,-1.743371011303391e-06,-1.660530159047714e-06,-1.5650135040512151e-06,-1.4564369310793233e-06,-1.3344163248974693e-06,-1.1985675702710814e-06,-1.0485065519655898e-06,-8.838491547464239e-07,-7.04211263379013e-07,-5.09208762628788e-07,-2.984575372611792e-07,-7.157347204161299e-08,1.7182754826447928e-07,4.321296388916683e-07,7.097169150745227e-07,1.0049734920476158e-06,1.3182834850455137e-06,1.6500310093027904e-06,2.0006001800540163e-06,0.7000000000000001,0.7001288472969928,0.7005154286839417,0.7011598615151646,0.7020623424387582,0.7032231458136532,0.7046426259774614,0.7063212144864061,0.7082594272099725,0.7104578521412621,0.7129171555034826,0.7156380821534666,0.718621454305667,0.7218681713448908,0.7253792087888994,0.7291556191533896,0.7331985314571752,0.7375091499066817,0.7420887523455932,0.7469386917198395,0.7520603948508502,0.7574553610473939,0.763125161884055,0.769071441014107,0.7752959129994909,0.7818003603900324,0.7885866352831422,0.795656658235868,0.803012415770594,0.8106559576351076,0.81858939914036,0.8268149188477689,0.8353347539636583,0.8441512005970487,0.8532666139522792,0.8626834052859493,0.8724040357064373,0.8824310193807164,0.8927669210787107,0.9034143512349453,0.9143759608491933,0.9256544452527941,0.9372525396056862,0.9491730102995669,0.9614186552577958,0.9739923037601735,0.9868968107145267,1.0001350456680296,1.0137098979220964,1.027624271780802,1.0418810777738206
2.0008002800960327e-08,1.994400280224084e-08,1.97523101290054e-08,1.9433846750023075e-08,1.8990149279908977e-08,1.8423368979124268e-08,1.7736271753976155e-08,1.6932238156617883e-08,1.601526338504875e-08,1.4989957283114102e-08,1.3861544340505315e-08,1.263586369275983e-08,1.1319369121261125e-08,9.919129053238715e-09,8.442826561768173e-09,6.898759365771122e-09,5.295839830015209e-09,3.6435949651141426e-09,1.9521664275276844e-09,2.3231051956161406e-10,-1.5046018106322199e-09,-3.246584969055921e-09,-4.981038715865571e-09,-6.694748165371187e-09,-8.373883786036738e-09,-1.0004001400480164e-08,-1.1570042185473347e-08,-1.3056332671942126e-08,-1.4446584744966293e-08,-1.5723895643779595e-08,-1.687074796176975e-08,-1.78690096464784e-08,-1.869993399960116e-08,-1.9344159676987604e-08,-1.9781710688641245e-08,-1.999199639871956e-08,-1.9953811525533983e-08,-1.96453361415499e-08,-1.9044135673386642e-08,-1.812716090181751e-08,-1.6870747961769745e-08,-1.5250618342324557e-08,-1.3241878886717117e-08,-1.08190217923365e-08,-7.955924610725797e-09,-4.625850247582007e-09,-8.014469627561484e-10,3.545251629746892e-09,8.442826561768176e-09,1.3920473510994921e-08,2.0008002800960327e-08,0.7000000000000001,0.7001288473091221,0.7005154287637497,0.701159861766651,0.7020623430130861,0.7032231469089427,0.7046426278382077,0.7063212174027494,0.7082594315167287,0.7104578582171188,0.712917163769649,0.7156380930724043,0.7186214683796464,0.7218681891144679,0.7253792308309971,0.7291556460796335,0.7331985639120658,0.7375091885654143,0.7420887979115078,0.7469387449219452,0.752060456441056,0.7574554317981119,0.7631252425854854,0.7690715324710118,0.7752960160279061,0.7818004758140253,0.7885867639314742,0.7956568009383036,0.803012573353688,0.8106561309187642,0.8185895889337016,0.8268151259447366,0.8353349791380034,0.8441514445987693,0.8532668775025679,0.8626836890717281,0.8724043403753103,0.8824313455365946,0.8927672692761238,0.9034147219718612,0.9143763545631028,0.9256548623146765,0.9372529803134525,0.9491734748699382,0.9614191438229983,0.9739928163603934,0.9868973472895465,1.00013560605037,1.0137104818322087,1.0276248788190074,1.0418817074087867
1.0,1.0,1.0,1.0,1.0,1.0,1.0,1.0,1.0,1.0,1.0,1.0,1.0,1.0,1.0,1.0,1.0,1.0,1.0,1.0,1.0,1.0,1.0,1.0,1.0,1.0,1.0,1.0,1.0,1.0,1.0,1.0,1.0,1.0,1.0,1.0,1.0,1.0,1.0,1.0,1.0,1.0,1.0,1.0,1.0,1.0,1.0,1.0,1.0,1.0,1.0,0.9,0.9003566730956921,0.9014267803488082,0.9032105874778553,0.9057085363501253,0.9089212445881135,0.912849503625097,0.9174942756507815,0.9228566944500635,0.9289380584591524,0.9357398286256605,0.9432636280601537,0.9515112306329275,0.9604845621481508,0.9701856942127569,0.9806168320677378,0.9917803169901875,1.003678612639573,1.0163142968976655,1.0296900600177417,1.043808685423423,1.0586730466905363,1.0742860976505255,1.0906508513096638,1.1077703795531746,1.1256477930127795,1.1442862239319092,1.1636888219413204,1.183858723947669,1.2047990462536113,1.2265128713407483,1.2490032237808328,1.2722730395486797,1.296325156254983,1.3211622855422864,1.3467869979389897,1.373201698910934,1.4004085995181887,1.4284096887572393,1.4572067078678654,1.4868011233275449,1.517194100907507,1.5483864740931628,1.5803787139647765,1.6131709007651374,1.6467626910444726,1.6811532868579597,1.7163414073772476,1.752325253388481,1.7891024779938098,1.8266701595693264
0.0,0.0004,0.0008,0.0012,0.0016,0.002,0.0024,0.0028000000000000004,0.0032,0.0036,0.004,0.0044,0.0048,0.0052,0.005600000000000001,0.006,0.0064,0.0068000000000000005,0.0072,0.0076,0.008,0.0084,0.0088,0.0092,0.0096,0.01,0.0104,0.0108,0.011200000000000002,0.0116,0.012,0.0124,0.0128,0.0132,0.013600000000000001,0.014000000000000002,0.0144,0.0148,0.0152,0.015600000000000001,0.016,0.0164,0.0168,0.0172,0.0176,0.018000000000000002,0.0184,0.0188,0.0192,0.0196,0.02,0.9,0.9001566962132329,0.9006269283122682,0.9014109747486126,0.9025091889275291,0.9039220018722876,0.9056499233182166,0.9076935392681955,0.9100535175600538,0.9127305982197516,0.9157255958579265,0.9190394015318075,0.922672981071156,0.9266273738705937,0.9309036914387349,0.9355031179403128,0.9404269098916294,0.9456763925937333,0.9512529581198502,0.9571580666267979,0.9633932437845644,0.9699600787693707,0.9768602237186996,0.984095391857916,0.9916673528469736,0.9995779335148239,1.0078290162392385,1.016422533334201,1.0253604654736852,1.034644841827507,1.0442777347830121,1.0542612545832801,1.0645975509994494,1.075288808689347,1.0863372386705887,1.0977450802081803,1.1095145962735233,1.1216480685433106,1.1341477896360979,1.147016061553387,1.1602551898353868,1.1738674782748462,1.1878552266773996,1.202220721618656,1.216966231104599,1.2320939987388386,1.2476062376423234,1.263505123466371,1.2797927875759938,1.2964713097497047,1.3135427096278465
-0.00020004000800160032,-0.00019987997599519902,-0.0001993998799759952,-0.0001985997199439888,-0.00019747949589917982,-0.00019603920784156832,-0.00019427885577115423,-0.0001921984396879376,-0.0001897979595919184,-0.00018707741548309662,-0.00018403680736147227,-0.0001806761352270454,-0.00017699539907981598,-0.00017299459891978396,-0.0001686737347469494,-0.00016403280656131228,-0.00015907181436287257,-0.00015379075815163032,-0.00014818963792758553,-0.00014226845369073816,-0.0001360272054410882,-0.00012946589317863573,-0.00012258451690338068,-0.00011538307661532306,-0.0001078615723144629,-0.00010002000400080016,-9.185837167433485e-05,-8.3376675335067e-05,-7.457491498299658e-05,-6.545309061812364e-05,-5.601120224044809e-05,-4.624924984996999e-05,-3.616723344668933e-05,-2.5765153030606106e-05,-1.5043008601720308e-05,-4.000800160031966e-06,7.36147229445888e-06,1.904380876175234e-05,3.104620924184837e-05,4.336867373474697e-05,5.601120224044814e-05,6.897379475895184e-05,8.2256451290258e-05,9.585917183436685e-05,0.00010978195639127825,0.0001240248049609922,0.0001385877175435087,0.00015347069413882783,0.0001686737347469494,0.00018419683936787354,0.00020004000800160032,0.9,0.9001566291095501,0.9006265555845667,0.9014098955358802,0.9025068435192494,0.9039176706858676,0.9056427268557413,0.9076824380313604,0.9100373119257354,0.9127079282722125,0.9156949412065907,0.9189990810659137,0.922621152716363,0.9265620342834072,0.930822675633503,0.9354040989853113,0.940307398597168,0.9455337372971445,0.951084343915533,0.9569605150368995,0.9631636123470168,0.9696950606128502,0.9765563469905737,0.9837490193865077,0.9912746819422705,0.9991349948775687,1.0073316736650704,1.0158664843513117,1.0247412394828903,1.0339578000218574,1.0435180706960587,1.053423993333781,1.0636775481355807,1.0742807509370504,1.0852356446012943,1.0965442981940725,1.1082088051078158,1.1202312779208718,1.132613841201053,1.1453586279466639,1.158467775745831,1.171943420569724,1.1857876941847447,1.200002717566747,1.2145905934684311,1.2295534013134006,1.2448931912496892,1.2606119776149145,1.2767117320365515,1.2931943766087641,1.310061775873145
0.0,-1.1997199159747926e-07,-2.3955986796038814e-07,-3.583795138541562e-07,-4.760468140442133e-07,-5.921776532959888e-07,-7.063879163749124e-07,-8.182934880464141e-07,-9.275102530759228e-07,-1.0336540962288686e-06,-1.1363409022706814e-06,-1.23518655596679e-06,-1.3298069420826246e-06,-1.419817945383615e-06,-1.5048354506351907e-06,-1.584475342602781e-06,-1.6583535060518155e-06,-1.7260858257477243e-06,-1.7872881864559366e-06,-1.8415764729418825e-06,-1.8885665699709911e-06,-1.927874362308693e-06,-1.959115734720416e-06,-1.9819065719715915e-06,-1.995862758827648e-06,-2.0006001800540163e-06,-1.995734720416125e-06,-1.980882264679404e-06,-1.955658697609283e-06,-1.919679903971191e-06,-1.872561768530559e-06,-1.8139201760528157e-06,-1.743371011303391e-06,-1.660530159047714e-06,-1.5650135040512151e-06,-1.4564369310793233e-06,-1.3344163248974693e-06,-1.1985675702710814e-06,-1.0485065519655898e-06,-8.838491547464239e-07,-7.04211263379013e-07,-5.09208762628788e-07,-2.984575372611792e-07,-7.157347204161299e-08,1.7182754826447928e-07,4.321296388916683e-07,7.097169150745227e-07,1.0049734920476158e-06,1.3182834850455137e-06,1.6500310093027904e-06,2.0006001800540163e-06,0.9,0.9001566691043564,0.9006267154790966,0.9014102550247979,0.9025074819807963,0.9039186670740296,0.9056441595844346,0.907684384881798,0.9100398498986639,0.9127111335418338,0.9156988889656352,0.919003845426003,0.9226268066029005,0.9265686493178599,0.9308303220312236,0.9354128454251959,0.9403173121154035,0.9455448831957232,0.9510967856220415,0.9569743139932531,0.9631788278940535,0.9697117498720569,0.9765745647400365,0.9837688179426284,0.9912961110490934,0.9991581015625893,1.0073565021184303,1.0158930758203757,1.024769632119925,1.0339880287558798,1.0435501671126197,1.05345798554496,1.0637134606245304,1.0743186044318902,1.0852754559529385,1.096586080208618,1.1082525664157394,1.1202770228378411,1.132661569596675,1.1454083350731399,1.1585194521015847,1.1719970517468192,1.1858432606946046,1.2000601947231204,1.2146499512183193,1.229614604080125,1.2449561977733963,1.2606767407995711,1.2767781987871938,1.293262487670913,1.3101314656862022
2.0008002800960327e-08,1.994400280224084e-08,1.97523101290054e-08,1.9433846750023075e-08,1.8990149279908977e-08,1.8423368979124268e-08,1.7736271753976155e-08,1.6932238156617883e-08,1.601526338504875e-08,1.4989957283114102e-08,1.3861544340505315e-08,1.263586369275983e-08,1.1319369121261125e-08,9.919129053238715e-09,8.442826561768173e-09,6.898759365771122e-09,5.295839830015209e-09,3.6435949651141426e-09,1.9521664275276844e-09,2.3231051956161406e-10,-1.5046018106322199e-09,-3.246584969055921e-09,-4.981038715865571e-09,-6.694748165371187e-09,-8.373883786036738e-09,-1.0004001400480164e-08,-1.1570042185473347e-08,-1.3056332671942126e-08,-1.4446584744966293e-08,-1.5723895643779595e-08,-1.687074796176975e-08,-1.78690096464784e-08,-1.869993399960116e-08,-1.9344159676987604e-08,-1.9781710688641245e-08,-1.999199639871956e-08,-1.9953811525533983e-08,-1.96453361415499e-08,-1.9044135673386642e-08,-1.812716090181751e-08,-1.6870747961769745e-08,-1.5250618342324557e-08,-1.3241878886717117e-08,-1.08190217923365e-08,-7.955924610725797e-09,-4.625850247582007e-09,-8.014469627561484e-10,3.545251629746892e-09,8.442826561768176e-09,1.3920473510994921e-08,2.0008002800960327e-08,0.9,0.9001566691164914,0.9006267155589063,0.9014102552762887,0.9025074825551116,0.9039186681692571,0.9056441614449758,0.9076843877977183,0.9100398542045153,0.9127111396161183,0.9156988972292086,0.9190038563408015,0.9226268206706061,0.9265686670781592,0.9308303440601088,0.9354128723329286,0.9403173445447227,0.945544921819816,0.9510968311418141,0.956974367134777,0.9631788894058395,0.9697118205227254,0.9765746453151772,0.9837689092416377,0.9912962138819792,0.999158216746601,1.0073566304744652,1.0158932181691174,1.0247697892781846,1.0339882015325115,1.0435503563041644,1.0534581919312873,1.0637136849646027,1.0743188474588494,1.0852757183688193,1.0965863626800112,1.1082528695684306,1.1202773472514782,1.1326619157988658,1.1454087035339549,1.1585198432276116,1.1719974658750816,1.1858436980865146,1.2000606555579327,1.2146504355865644,1.2296151119768464,1.2449567290912635,1.2606772953218068,1.2767787761802987,1.2932630874772424,1.3101320873164257
