,n_train,smooth,depth,width,lr,best_epoch,R2,MSE
0,16.0,0.0,1.0,3.0,0.0001,0.0,-1524.05517578125,5158.13330078125
1,16.0,0.0,1.0,3.0,0.001,0.0,-1524.05517578125,5158.13330078125
2,16.0,0.0,1.0,3.0,0.01,0.0,-1524.05517578125,5158.13330078125
3,16.0,0.0,1.0,4.0,0.0001,0.0,-1524.05517578125,5158.13330078125
4,16.0,0.0,1.0,4.0,0.001,0.0,-1524.05517578125,5158.13330078125
5,16.0,0.0,1.0,4.0,0.01,0.0,-1524.05517578125,5158.13330078125
6,16.0,0.0,1.0,16.0,0.0001,0.0,-1524.05517578125,5158.13330078125
7,16.0,0.0,1.0,16.0,0.001,0.0,-1524.05517578125,5158.13330078125
8,16.0,0.0,1.0,16.0,0.01,0.0,-1524.05517578125,5158.13330078125
9,16.0,0.0,1.0,32.0,0.0001,0.0,-1524.05517578125,5158.13330078125
10,16.0,0.0,1.0,32.0,0.001,0.0,-1524.05517578125,5158.13330078125
11,16.0,0.0,1.0,32.0,0.01,0.0,-1524.05517578125,5158.13330078125
12,16.0,0.0,2.0,3.0,0.0001,0.0,-1524.05517578125,5158.13330078125
13,16.0,0.0,2.0,3.0,0.001,0.0,-1524.05517578125,5158.13330078125
14,16.0,0.0,2.0,3.0,0.01,15.0,-85.46424865722656,292.444580078125
15,16.0,0.0,2.0,4.0,0.0001,0.0,-1524.05517578125,5158.13330078125
16,16.0,0.0,2.0,4.0,0.001,9.0,-112.23928833007812,383.0047302246094
17,16.0,0.0,2.0,4.0,0.01,5.0,-106.64656066894531,364.0886535644531
18,16.0,0.0,2.0,16.0,0.0001,0.0,-1524.05517578125,5158.13330078125
19,16.0,0.0,2.0,16.0,0.001,0.0,-1524.05517578125,5158.13330078125
20,16.0,0.0,2.0,16.0,0.01,3.0,-115.01122283935547,392.380126953125
21,16.0,0.0,2.0,32.0,0.0001,0.0,-152.4464569091797,518.9957885742188
22,16.0,0.0,2.0,32.0,0.001,4.0,-144.09422302246094,490.74639892578125
23,16.0,0.0,2.0,32.0,0.01,0.0,-1524.05517578125,5158.13330078125
24,16.0,0.0,3.0,3.0,0.0001,0.0,-1524.05517578125,5158.13330078125
25,16.0,0.0,3.0,3.0,0.001,0.0,-1524.05517578125,5158.13330078125
26,16.0,0.0,3.0,3.0,0.01,20946.0,-1.0548110008239746,6.9499053955078125
27,16.0,0.0,3.0,4.0,0.0001,0.0,-1524.05517578125,5158.13330078125
28,16.0,0.0,3.0,4.0,0.001,14397.0,0.29080092906951904,2.398695707321167
29,16.0,0.0,3.0,4.0,0.01,0.0,-1524.05517578125,5158.13330078125
30,16.0,0.0,3.0,16.0,0.0001,0.0,-1524.05517578125,5158.13330078125
31,16.0,0.0,3.0,16.0,0.001,29.0,-130.33505249023438,444.2093200683594
32,16.0,0.0,3.0,16.0,0.01,2.0,-124.78882598876953,425.4505310058594
33,16.0,0.0,3.0,32.0,0.0001,0.0,-1524.05517578125,5158.13330078125
34,16.0,0.0,3.0,32.0,0.001,16.0,-110.70783996582031,377.8249816894531
35,16.0,0.0,3.0,32.0,0.01,1.0,-160.469970703125,546.1334228515625
36,16.0,0.0,4.0,3.0,0.0001,41110.0,0.3628837466239929,2.154892921447754
37,16.0,0.0,4.0,3.0,0.001,86.0,-108.52650451660156,370.4471130371094
38,16.0,0.0,4.0,3.0,0.01,0.0,-1524.05517578125,5158.13330078125
39,16.0,0.0,4.0,4.0,0.0001,852.0,-119.65897369384766,408.10003662109375
40,16.0,0.0,4.0,4.0,0.001,0.0,-1524.05517578125,5158.13330078125
41,16.0,0.0,4.0,4.0,0.01,0.0,-1524.05517578125,5158.13330078125
42,16.0,0.0,4.0,16.0,0.0001,0.0,-1524.05517578125,5158.13330078125
43,16.0,0.0,4.0,16.0,0.001,0.0,-1524.05517578125,5158.13330078125
44,16.0,0.0,4.0,16.0,0.01,0.0,-1524.05517578125,5158.13330078125
45,16.0,0.0,4.0,32.0,0.0001,0.0,-1524.05517578125,5158.13330078125
46,16.0,0.0,4.0,32.0,0.001,18.0,-113.74632263183594,388.1019287109375
47,16.0,0.0,4.0,32.0,0.01,6.0,-104.98690032958984,358.4752502441406
48,16.0,0.001,1.0,3.0,0.0001,0.0,-1524.05517578125,5158.13330078125
49,16.0,0.001,1.0,3.0,0.001,26.0,-102.15470123291016,348.8960266113281
50,16.0,0.001,1.0,3.0,0.01,0.0,-1524.05517578125,5158.13330078125
51,16.0,0.001,1.0,4.0,0.0001,55271.0,0.6624422669410706,1.1417080163955688
52,16.0,0.001,1.0,4.0,0.001,16.0,-1021.1072387695312,3457.032470703125
53,16.0,0.001,1.0,4.0,0.01,6.0,-725.3097534179688,2456.568603515625
54,16.0,0.001,1.0,16.0,0.0001,0.0,-335.8738708496094,1139.39501953125
55,16.0,0.001,1.0,16.0,0.001,0.0,-1524.05517578125,5158.13330078125
56,16.0,0.001,1.0,16.0,0.01,0.0,-1524.05517578125,5158.13330078125
57,16.0,0.001,1.0,32.0,0.0001,0.0,-1524.05517578125,5158.13330078125
58,16.0,0.001,1.0,32.0,0.001,0.0,-1524.05517578125,5158.13330078125
59,16.0,0.001,1.0,32.0,0.01,1.0,-166.68394470214844,567.1506958007812
60,16.0,0.001,2.0,3.0,0.0001,0.0,-1524.05517578125,5158.13330078125
61,16.0,0.001,2.0,3.0,0.001,0.0,-1524.05517578125,5158.13330078125
62,16.0,0.001,2.0,3.0,0.01,0.0,-1524.05517578125,5158.13330078125
63,16.0,0.001,2.0,4.0,0.0001,1648.0,-116.55953979492188,397.616943359375
64,16.0,0.001,2.0,4.0,0.001,125.0,-106.06061553955078,362.1068420410156
65,16.0,0.001,2.0,4.0,0.01,8.0,-336.1781311035156,1140.4241943359375
66,16.0,0.001,2.0,16.0,0.0001,101.0,-112.29412841796875,383.1902160644531
67,16.0,0.001,2.0,16.0,0.001,0.0,-1524.05517578125,5158.13330078125
68,16.0,0.001,2.0,16.0,0.01,0.0,-1524.05517578125,5158.13330078125
69,16.0,0.001,2.0,32.0,0.0001,0.0,-1524.05517578125,5158.13330078125
70,16.0,0.001,2.0,32.0,0.001,4.0,-125.48859405517578,427.81732177734375
71,16.0,0.001,2.0,32.0,0.01,0.0,-1524.05517578125,5158.13330078125
72,16.0,0.001,3.0,3.0,0.0001,24256.0,-1.0635740756988525,6.979544162750244
73,16.0,0.001,3.0,3.0,0.001,17577.0,-1.0635454654693604,6.979447841644287
74,16.0,0.001,3.0,3.0,0.01,0.0,-1524.05517578125,5158.13330078125
75,16.0,0.001,3.0,4.0,0.0001,99208.0,-1.063579797744751,6.9795637130737305
76,16.0,0.001,3.0,4.0,0.001,115.0,-66.79804229736328,229.31060791015625
77,16.0,0.001,3.0,4.0,0.01,0.0,-1524.05517578125,5158.13330078125
78,16.0,0.001,3.0,16.0,0.0001,0.0,-1523.9990234375,5157.943359375
79,16.0,0.001,3.0,16.0,0.001,24.0,-95.47321319580078,326.2975158691406
80,16.0,0.001,3.0,16.0,0.01,1.0,-110.7825927734375,378.07781982421875
81,16.0,0.001,3.0,32.0,0.0001,54.0,-120.11454772949219,409.6408996582031
82,16.0,0.001,3.0,32.0,0.001,4.0,-131.32379150390625,447.5534973144531
83,16.0,0.001,3.0,32.0,0.01,8.0,-141.03916931152344,480.41339111328125
84,16.0,0.001,4.0,3.0,0.0001,0.0,-1524.05517578125,5158.13330078125
85,16.0,0.001,4.0,3.0,0.001,0.0,-1524.05517578125,5158.13330078125
86,16.0,0.001,4.0,3.0,0.01,11526.0,-0.5822386741638184,5.351542949676514
87,16.0,0.001,4.0,4.0,0.0001,0.0,-1524.05517578125,5158.13330078125
88,16.0,0.001,4.0,4.0,0.001,0.0,-1524.05517578125,5158.13330078125
89,16.0,0.001,4.0,4.0,0.01,56.0,-71.81510925292969,246.27963256835938
90,16.0,0.001,4.0,16.0,0.0001,341.0,-109.81123352050781,374.79241943359375
91,16.0,0.001,4.0,16.0,0.001,0.0,-1524.05517578125,5158.13330078125
92,16.0,0.001,4.0,16.0,0.01,4.0,-126.87846374511719,432.5182189941406
93,16.0,0.001,4.0,32.0,0.0001,168.0,-106.5710220336914,363.8331604003906
94,16.0,0.001,4.0,32.0,0.001,0.0,-1524.05517578125,5158.13330078125
95,16.0,0.001,4.0,32.0,0.01,1.0,-121.2413330078125,413.4519958496094
96,16.0,0.01,1.0,3.0,0.0001,0.0,-132.12083435058594,450.2492980957031
97,16.0,0.01,1.0,3.0,0.001,0.0,-1524.05517578125,5158.13330078125
98,16.0,0.01,1.0,3.0,0.01,3.0,-78.6312026977539,269.33343505859375
99,16.0,0.01,1.0,4.0,0.0001,0.0,-1524.05517578125,5158.13330078125
100,16.0,0.01,1.0,4.0,0.001,0.0,-1524.05517578125,5158.13330078125
101,16.0,0.01,1.0,4.0,0.01,15.0,-260.1729431152344,883.3547973632812
102,16.0,0.01,1.0,16.0,0.0001,262.0,-89.32123565673828,305.48992919921875
103,16.0,0.01,1.0,16.0,0.001,55.0,-618.477783203125,2095.235107421875
104,16.0,0.01,1.0,16.0,0.01,0.0,-1524.05517578125,5158.13330078125
105,16.0,0.01,1.0,32.0,0.0001,0.0,-1524.05517578125,5158.13330078125
106,16.0,0.01,1.0,32.0,0.001,0.0,-170.90158081054688,581.4158325195312
107,16.0,0.01,1.0,32.0,0.01,0.0,-1524.05517578125,5158.13330078125
108,16.0,0.01,2.0,3.0,0.0001,919.0,-106.30620574951172,362.9375
109,16.0,0.01,2.0,3.0,0.001,147.0,-71.88459014892578,246.51463317871094
110,16.0,0.01,2.0,3.0,0.01,26.0,-137.29476928710938,467.7488708496094
111,16.0,0.01,2.0,4.0,0.0001,796.0,-100.67507934570312,343.8915710449219
112,16.0,0.01,2.0,4.0,0.001,0.0,-1524.05517578125,5158.13330078125
113,16.0,0.01,2.0,4.0,0.01,10364.0,-1.008817434310913,6.794342994689941
114,16.0,0.01,2.0,16.0,0.0001,0.0,-1524.05517578125,5158.13330078125
115,16.0,0.01,2.0,16.0,0.001,0.0,-173.49786376953125,590.1971435546875
116,16.0,0.01,2.0,16.0,0.01,8.0,-365.1290588378906,1238.34375
117,16.0,0.01,2.0,32.0,0.0001,0.0,-1524.05517578125,5158.13330078125
118,16.0,0.01,2.0,32.0,0.001,0.0,-1524.05517578125,5158.13330078125
119,16.0,0.01,2.0,32.0,0.01,0.0,-1524.05517578125,5158.13330078125
120,16.0,0.01,3.0,3.0,0.0001,1340.0,-144.06568908691406,490.64990234375
121,16.0,0.01,3.0,3.0,0.001,0.0,-1524.05517578125,5158.13330078125
122,16.0,0.01,3.0,3.0,0.01,3.0,-126.81895446777344,432.31695556640625
123,16.0,0.01,3.0,4.0,0.0001,1427.0,-95.09437561035156,325.01617431640625
124,16.0,0.01,3.0,4.0,0.001,0.0,-1524.05517578125,5158.13330078125
125,16.0,0.01,3.0,4.0,0.01,0.0,-168.22691345214844,572.3694458007812
126,16.0,0.01,3.0,16.0,0.0001,367.0,-103.47357940673828,353.3568115234375
127,16.0,0.01,3.0,16.0,0.001,38.0,-102.62310028076172,350.48028564453125
128,16.0,0.01,3.0,16.0,0.01,2.0,-103.26213073730469,352.64166259765625
129,16.0,0.01,3.0,32.0,0.0001,0.0,-1524.05517578125,5158.13330078125
130,16.0,0.01,3.0,32.0,0.001,3.0,-120.00860595703125,409.2825927734375
131,16.0,0.01,3.0,32.0,0.01,0.0,-1524.05517578125,5158.13330078125
132,16.0,0.01,4.0,3.0,0.0001,0.0,-1524.05517578125,5158.13330078125
133,16.0,0.01,4.0,3.0,0.001,0.0,-1524.05517578125,5158.13330078125
134,16.0,0.01,4.0,3.0,0.01,0.0,-1522.7520751953125,5153.72607421875
135,16.0,0.01,4.0,4.0,0.0001,0.0,-1508.690673828125,5106.16650390625
136,16.0,0.01,4.0,4.0,0.001,25069.0,0.11222422122955322,3.0026886463165283
137,16.0,0.01,4.0,4.0,0.01,0.0,-1524.05517578125,5158.13330078125
138,16.0,0.01,4.0,16.0,0.0001,370.0,-111.94892883300781,382.02264404296875
139,16.0,0.01,4.0,16.0,0.001,0.0,-1524.05517578125,5158.13330078125
140,16.0,0.01,4.0,16.0,0.01,0.0,-1482.7677001953125,5018.48828125
141,16.0,0.01,4.0,32.0,0.0001,138.0,-114.30452728271484,389.9898986816406
142,16.0,0.01,4.0,32.0,0.001,0.0,-1524.05517578125,5158.13330078125
143,16.0,0.01,4.0,32.0,0.01,0.0,-1524.05517578125,5158.13330078125
144,32.0,0.0,1.0,3.0,0.0001,282.0,-152.7254638671875,517.0097045898438
145,32.0,0.0,1.0,3.0,0.001,209.0,-73.02175903320312,248.95008850097656
146,32.0,0.0,1.0,3.0,0.01,0.0,-1533.6947021484375,5161.48779296875
147,32.0,0.0,1.0,4.0,0.0001,0.0,-218.06973266601562,736.7756958007812
148,32.0,0.0,1.0,4.0,0.001,0.0,-1533.6947021484375,5161.48779296875
149,32.0,0.0,1.0,4.0,0.01,0.0,-1533.6947021484375,5161.48779296875
150,32.0,0.0,1.0,16.0,0.0001,2780.0,-0.0015565156936645508,3.368436336517334
151,32.0,0.0,1.0,16.0,0.001,329.0,-1.5837712287902832,8.689743041992188
152,32.0,0.0,1.0,16.0,0.01,1279.0,0.21213454008102417,2.6497504711151123
153,32.0,0.0,1.0,32.0,0.0001,0.0,-1533.6947021484375,5161.48779296875
154,32.0,0.0,1.0,32.0,0.001,1175.0,-0.8371933698654175,6.17885160446167
155,32.0,0.0,1.0,32.0,0.01,0.0,-1533.6947021484375,5161.48779296875
156,32.0,0.0,2.0,3.0,0.0001,0.0,-1533.6947021484375,5161.48779296875
157,32.0,0.0,2.0,3.0,0.001,0.0,-1533.6947021484375,5161.48779296875
158,32.0,0.0,2.0,3.0,0.01,0.0,-1533.6947021484375,5161.48779296875
159,32.0,0.0,2.0,4.0,0.0001,34737.0,-1.3400111198425293,7.869929313659668
160,32.0,0.0,2.0,4.0,0.001,0.0,-1533.6923828125,5161.4794921875
161,32.0,0.0,2.0,4.0,0.01,0.0,-1533.6947021484375,5161.48779296875
162,32.0,0.0,2.0,16.0,0.0001,0.0,-1533.6947021484375,5161.48779296875
163,32.0,0.0,2.0,16.0,0.001,755.0,-2.75077223777771,12.614603042602539
164,32.0,0.0,2.0,16.0,0.01,77.0,-1.8639183044433594,9.63193416595459
165,32.0,0.0,2.0,32.0,0.0001,0.0,-1533.6947021484375,5161.48779296875
166,32.0,0.0,2.0,32.0,0.001,0.0,-1533.6947021484375,5161.48779296875
167,32.0,0.0,2.0,32.0,0.01,174.0,0.8621393442153931,0.46365317702293396
168,32.0,0.0,3.0,3.0,0.0001,0.0,-1533.6947021484375,5161.48779296875
169,32.0,0.0,3.0,3.0,0.001,0.0,-1533.6947021484375,5161.48779296875
170,32.0,0.0,3.0,3.0,0.01,21058.0,-1.3306550979614258,7.838462829589844
171,32.0,0.0,3.0,4.0,0.0001,0.0,-1533.6947021484375,5161.48779296875
172,32.0,0.0,3.0,4.0,0.001,44.0,-162.6944580078125,550.5374755859375
173,32.0,0.0,3.0,4.0,0.01,6194.0,0.9656841158866882,0.11541115492582321
174,32.0,0.0,3.0,16.0,0.0001,417.0,-76.6905746459961,261.2890625
175,32.0,0.0,3.0,16.0,0.001,642.0,0.54682457447052,1.5241204500198364
176,32.0,0.0,3.0,16.0,0.01,213.0,-7.065141677856445,27.124696731567383
177,32.0,0.0,3.0,32.0,0.0001,55.0,-116.06480407714844,393.7125244140625
178,32.0,0.0,3.0,32.0,0.001,202.0,-2.957624673843384,13.31028938293457
179,32.0,0.0,3.0,32.0,0.01,129.0,0.5309756398200989,1.5774234533309937
180,32.0,0.0,4.0,3.0,0.0001,0.0,-1533.6947021484375,5161.48779296875
181,32.0,0.0,4.0,3.0,0.001,16150.0,-1.3399436473846436,7.869702339172363
182,32.0,0.0,4.0,3.0,0.01,0.0,-1533.6947021484375,5161.48779296875
183,32.0,0.0,4.0,4.0,0.0001,99770.0,-1.3400497436523438,7.870059490203857
184,32.0,0.0,4.0,4.0,0.001,0.0,-1533.6947021484375,5161.48779296875
185,32.0,0.0,4.0,4.0,0.01,18042.0,-1.3400018215179443,7.869897365570068
186,32.0,0.0,4.0,16.0,0.0001,0.0,-1533.6947021484375,5161.48779296875
187,32.0,0.0,4.0,16.0,0.001,0.0,-1533.6947021484375,5161.48779296875
188,32.0,0.0,4.0,16.0,0.01,0.0,-1533.6947021484375,5161.48779296875
189,32.0,0.0,4.0,32.0,0.0001,188.0,-122.25809478759766,414.54180908203125
190,32.0,0.0,4.0,32.0,0.001,0.0,-1533.6947021484375,5161.48779296875
191,32.0,0.0,4.0,32.0,0.01,0.0,-1533.6947021484375,5161.48779296875
192,32.0,0.001,1.0,3.0,0.0001,0.0,-159.12435913085938,538.530517578125
193,32.0,0.001,1.0,3.0,0.001,3035.0,0.9971412420272827,0.009614547714591026
194,32.0,0.001,1.0,3.0,0.01,17840.0,-1.339991807937622,7.869864463806152
195,32.0,0.001,1.0,4.0,0.0001,1781.0,-148.91835021972656,504.20562744140625
196,32.0,0.001,1.0,4.0,0.001,973.0,0.43526124954223633,1.8993302583694458
197,32.0,0.001,1.0,4.0,0.01,3277.0,0.9793031215667725,0.06960777193307877
198,32.0,0.001,1.0,16.0,0.0001,0.0,-1533.6947021484375,5161.48779296875
199,32.0,0.001,1.0,16.0,0.001,0.0,-1532.967529296875,5159.0419921875
200,32.0,0.001,1.0,16.0,0.01,0.0,-1533.6947021484375,5161.48779296875
201,32.0,0.001,1.0,32.0,0.0001,337.0,-60.41924285888672,206.56529235839844
202,32.0,0.001,1.0,32.0,0.001,422.0,0.9194712042808533,0.2708345353603363
203,32.0,0.001,1.0,32.0,0.01,161.0,-0.03277444839477539,3.47342848777771
204,32.0,0.001,2.0,3.0,0.0001,0.0,-1533.6947021484375,5161.48779296875
205,32.0,0.001,2.0,3.0,0.001,17335.0,-1.339982271194458,7.8698320388793945
206,32.0,0.001,2.0,3.0,0.01,119.0,-4.880513668060303,19.777353286743164
207,32.0,0.001,2.0,4.0,0.0001,0.0,-1533.6947021484375,5161.48779296875
208,32.0,0.001,2.0,4.0,0.001,0.0,-1533.6947021484375,5161.48779296875
209,32.0,0.001,2.0,4.0,0.01,0.0,-1533.6947021484375,5161.48779296875
210,32.0,0.001,2.0,16.0,0.0001,0.0,-1533.6947021484375,5161.48779296875
211,32.0,0.001,2.0,16.0,0.001,3702.0,-10.87514877319336,39.93851852416992
212,32.0,0.001,2.0,16.0,0.01,0.0,-1533.6947021484375,5161.48779296875
213,32.0,0.001,2.0,32.0,0.0001,0.0,-1533.6947021484375,5161.48779296875
214,32.0,0.001,2.0,32.0,0.001,189.0,-0.22985243797302246,4.136241912841797
215,32.0,0.001,2.0,32.0,0.01,0.0,-1533.6947021484375,5161.48779296875
216,32.0,0.001,3.0,3.0,0.0001,0.0,-1533.6947021484375,5161.48779296875
217,32.0,0.001,3.0,3.0,0.001,0.0,-1533.6947021484375,5161.48779296875
218,32.0,0.001,3.0,3.0,0.01,6012.0,0.9652045369148254,0.11702419817447662
219,32.0,0.001,3.0,4.0,0.0001,920.0,-122.19644165039062,414.33447265625
220,32.0,0.001,3.0,4.0,0.001,41.0,-115.53280639648438,391.9233093261719
221,32.0,0.001,3.0,4.0,0.01,0.0,-1533.6947021484375,5161.48779296875
222,32.0,0.001,3.0,16.0,0.0001,0.0,-1533.6947021484375,5161.48779296875
223,32.0,0.001,3.0,16.0,0.001,0.0,-1533.6947021484375,5161.48779296875
224,32.0,0.001,3.0,16.0,0.01,121.0,0.27562665939331055,2.436213493347168
225,32.0,0.001,3.0,32.0,0.0001,54.0,-133.68359375,452.96807861328125
226,32.0,0.001,3.0,32.0,0.001,0.0,-1533.6947021484375,5161.48779296875
227,32.0,0.001,3.0,32.0,0.01,0.0,-1533.6947021484375,5161.48779296875
228,32.0,0.001,4.0,3.0,0.0001,0.0,-1533.6947021484375,5161.48779296875
229,32.0,0.001,4.0,3.0,0.001,75.0,-85.89945220947266,292.2603759765625
230,32.0,0.001,4.0,3.0,0.01,643.0,0.9252270460128784,0.2514764964580536
231,32.0,0.001,4.0,4.0,0.0001,0.0,-1533.6947021484375,5161.48779296875
232,32.0,0.001,4.0,4.0,0.001,0.0,-1533.6947021484375,5161.48779296875
233,32.0,0.001,4.0,4.0,0.01,65.0,-0.04464614391326904,3.5133554935455322
234,32.0,0.001,4.0,16.0,0.0001,228.0,-113.26891326904297,384.30938720703125
235,32.0,0.001,4.0,16.0,0.001,0.0,-1533.6947021484375,5161.48779296875
236,32.0,0.001,4.0,16.0,0.01,0.0,-1533.6947021484375,5161.48779296875
237,32.0,0.001,4.0,32.0,0.0001,118.0,-102.2496337890625,347.24932861328125
238,32.0,0.001,4.0,32.0,0.001,934.0,-8.20553970336914,30.960084915161133
239,32.0,0.001,4.0,32.0,0.01,0.0,-1533.6947021484375,5161.48779296875
240,32.0,0.01,1.0,3.0,0.0001,0.0,-1533.6947021484375,5161.48779296875
241,32.0,0.01,1.0,3.0,0.001,70.0,-160.47036743164062,543.057373046875
242,32.0,0.01,1.0,3.0,0.01,396.0,0.9056800007820129,0.31721723079681396
243,32.0,0.01,1.0,4.0,0.0001,896.0,-72.2312240600586,246.2913818359375
244,32.0,0.01,1.0,4.0,0.001,0.0,-1533.6947021484375,5161.48779296875
245,32.0,0.01,1.0,4.0,0.01,0.0,-1533.6947021484375,5161.48779296875
246,32.0,0.01,1.0,16.0,0.0001,470.0,-139.85501098632812,473.7237854003906
247,32.0,0.01,1.0,16.0,0.001,473.0,-1.3631219863891602,7.94765567779541
248,32.0,0.01,1.0,16.0,0.01,147.0,0.6218743920326233,1.2717126607894897
249,32.0,0.01,1.0,32.0,0.0001,1829.0,-0.556389331817627,5.234450817108154
250,32.0,0.01,1.0,32.0,0.001,497.0,0.10535496473312378,3.008871555328369
251,32.0,0.01,1.0,32.0,0.01,259.0,0.8395226001739502,0.5397177934646606
252,32.0,0.01,2.0,3.0,0.0001,0.0,-1533.6947021484375,5161.48779296875
253,32.0,0.01,2.0,3.0,0.001,0.0,-1533.6947021484375,5161.48779296875
254,32.0,0.01,2.0,3.0,0.01,0.0,-1533.6947021484375,5161.48779296875
255,32.0,0.01,2.0,4.0,0.0001,0.0,-1533.6947021484375,5161.48779296875
256,32.0,0.01,2.0,4.0,0.001,0.0,-1533.6947021484375,5161.48779296875
257,32.0,0.01,2.0,4.0,0.01,660.0,0.4744996428489685,1.7673635482788086
258,32.0,0.01,2.0,16.0,0.0001,331.0,-96.39375305175781,327.5548095703125
259,32.0,0.01,2.0,16.0,0.001,632.0,-9.772082328796387,36.22868347167969
260,32.0,0.01,2.0,16.0,0.01,0.0,-1533.6947021484375,5161.48779296875
261,32.0,0.01,2.0,32.0,0.0001,7502.0,-1.3550620079040527,7.920548439025879
262,32.0,0.01,2.0,32.0,0.001,2290.0,-7.316178321838379,27.968984603881836
263,32.0,0.01,2.0,32.0,0.01,210.0,-1.749427080154419,9.246877670288086
264,32.0,0.01,3.0,3.0,0.0001,2810.0,-100.03460693359375,339.79974365234375
265,32.0,0.01,3.0,3.0,0.001,33024.0,-1.3398184776306152,7.86928129196167
266,32.0,0.01,3.0,3.0,0.01,0.0,-1533.6947021484375,5161.48779296875
267,32.0,0.01,3.0,4.0,0.0001,0.0,-1533.6947021484375,5161.48779296875
268,32.0,0.01,3.0,4.0,0.001,0.0,-1533.6947021484375,5161.48779296875
269,32.0,0.01,3.0,4.0,0.01,544.0,0.9782342314720154,0.07320266216993332
270,32.0,0.01,3.0,16.0,0.0001,342.0,-85.7633285522461,291.80255126953125
271,32.0,0.01,3.0,16.0,0.001,277.0,0.4363062381744385,1.8958156108856201
272,32.0,0.01,3.0,16.0,0.01,0.0,-1533.6947021484375,5161.48779296875
273,32.0,0.01,3.0,32.0,0.0001,0.0,-1533.6947021484375,5161.48779296875
274,32.0,0.01,3.0,32.0,0.001,0.0,-1533.6947021484375,5161.48779296875
275,32.0,0.01,3.0,32.0,0.01,0.0,-1533.6947021484375,5161.48779296875
276,32.0,0.01,4.0,3.0,0.0001,1332.0,-88.24606323242188,300.1524963378906
277,32.0,0.01,4.0,3.0,0.001,12359.0,-1.3398571014404297,7.869410991668701
278,32.0,0.01,4.0,3.0,0.01,0.0,-1533.6947021484375,5161.48779296875
279,32.0,0.01,4.0,4.0,0.0001,0.0,-1533.6947021484375,5161.48779296875
280,32.0,0.01,4.0,4.0,0.001,0.0,-1533.6947021484375,5161.48779296875
281,32.0,0.01,4.0,4.0,0.01,18748.0,-1.3398184776306152,7.86928129196167
282,32.0,0.01,4.0,16.0,0.0001,389.0,-111.7157211303711,379.085693359375
283,32.0,0.01,4.0,16.0,0.001,0.0,-1533.6947021484375,5161.48779296875
284,32.0,0.01,4.0,16.0,0.01,264.0,0.4027327299118042,2.008730173110962
285,32.0,0.01,4.0,32.0,0.0001,0.0,-1533.6947021484375,5161.48779296875
286,32.0,0.01,4.0,32.0,0.001,0.0,-1533.6947021484375,5161.48779296875
287,32.0,0.01,4.0,32.0,0.01,0.0,-1533.6947021484375,5161.48779296875
288,64.0,0.0,1.0,3.0,0.0001,0.0,-1507.496826171875,5161.88720703125
289,64.0,0.0,1.0,3.0,0.001,0.0,-1507.496826171875,5161.88720703125
290,64.0,0.0,1.0,3.0,0.01,0.0,-1507.496826171875,5161.88720703125
291,64.0,0.0,1.0,4.0,0.0001,14488.0,0.9981457591056824,0.00634494423866272
292,64.0,0.0,1.0,4.0,0.001,6848.0,0.948687732219696,0.175584077835083
293,64.0,0.0,1.0,4.0,0.01,0.0,-1507.496826171875,5161.88720703125
294,64.0,0.0,1.0,16.0,0.0001,0.0,-1507.496826171875,5161.88720703125
295,64.0,0.0,1.0,16.0,0.001,5390.0,0.9581944346427917,0.143053337931633
296,64.0,0.0,1.0,16.0,0.01,670.0,0.9961144924163818,0.013295632787048817
297,64.0,0.0,1.0,32.0,0.0001,0.0,-1507.496826171875,5161.88720703125
298,64.0,0.0,1.0,32.0,0.001,0.0,-1507.496826171875,5161.88720703125
299,64.0,0.0,1.0,32.0,0.01,0.0,-1507.496826171875,5161.88720703125
300,64.0,0.0,2.0,3.0,0.0001,17391.0,0.9972960948944092,0.00925250630825758
301,64.0,0.0,2.0,3.0,0.001,0.0,-1507.496826171875,5161.88720703125
302,64.0,0.0,2.0,3.0,0.01,755.0,0.9757054448127747,0.08313291519880295
303,64.0,0.0,2.0,4.0,0.0001,0.0,-1507.496826171875,5161.88720703125
304,64.0,0.0,2.0,4.0,0.001,2830.0,0.5206636190414429,1.6402292251586914
305,64.0,0.0,2.0,4.0,0.01,0.0,-1507.496826171875,5161.88720703125
306,64.0,0.0,2.0,16.0,0.0001,0.0,-1507.496826171875,5161.88720703125
307,64.0,0.0,2.0,16.0,0.001,4929.0,0.9920162558555603,0.02731928788125515
308,64.0,0.0,2.0,16.0,0.01,0.0,-1507.496826171875,5161.88720703125
309,64.0,0.0,2.0,32.0,0.0001,0.0,-1507.496826171875,5161.88720703125
310,64.0,0.0,2.0,32.0,0.001,0.0,-1507.496826171875,5161.88720703125
311,64.0,0.0,2.0,32.0,0.01,835.0,0.9735491871833801,0.09051146358251572
312,64.0,0.0,3.0,3.0,0.0001,11394.0,-0.1999509334564209,4.106082439422607
313,64.0,0.0,3.0,3.0,0.001,11535.0,0.9764712452888489,0.08051252365112305
314,64.0,0.0,3.0,3.0,0.01,0.0,-1507.496826171875,5161.88720703125
315,64.0,0.0,3.0,4.0,0.0001,99566.0,-0.36705148220062256,4.677879333496094
316,64.0,0.0,3.0,4.0,0.001,10395.0,0.9784538149833679,0.07372844964265823
317,64.0,0.0,3.0,4.0,0.01,1683.0,0.9979860186576843,0.006891675293445587
318,64.0,0.0,3.0,16.0,0.0001,8214.0,0.9611506462097168,0.13293753564357758
319,64.0,0.0,3.0,16.0,0.001,2518.0,0.9728685021400452,0.09284067153930664
320,64.0,0.0,3.0,16.0,0.01,0.0,-1507.496826171875,5161.88720703125
321,64.0,0.0,3.0,32.0,0.0001,8761.0,0.9674236178398132,0.11147239059209824
322,64.0,0.0,3.0,32.0,0.001,2748.0,0.9623361825942993,0.12888076901435852
323,64.0,0.0,3.0,32.0,0.01,0.0,-1507.496826171875,5161.88720703125
324,64.0,0.0,4.0,3.0,0.0001,0.0,-1507.496826171875,5161.88720703125
325,64.0,0.0,4.0,3.0,0.001,4698.0,0.9952243566513062,0.016341691836714745
326,64.0,0.0,4.0,3.0,0.01,0.0,-1507.496826171875,5161.88720703125
327,64.0,0.0,4.0,4.0,0.0001,0.0,-1507.496826171875,5161.88720703125
328,64.0,0.0,4.0,4.0,0.001,4986.0,0.9929313659667969,0.024187957867980003
329,64.0,0.0,4.0,4.0,0.01,1634.0,0.9933369159698486,0.022800207138061523
330,64.0,0.0,4.0,16.0,0.0001,12143.0,0.969323456287384,0.10497132688760757
331,64.0,0.0,4.0,16.0,0.001,0.0,-1507.496826171875,5161.88720703125
332,64.0,0.0,4.0,16.0,0.01,885.0,0.4087355136871338,2.02323317527771
333,64.0,0.0,4.0,32.0,0.0001,0.0,-1507.496826171875,5161.88720703125
334,64.0,0.0,4.0,32.0,0.001,4037.0,0.9116306900978088,0.3023887872695923
335,64.0,0.0,4.0,32.0,0.01,109.0,0.6730711460113525,1.118709683418274
336,64.0,0.001,1.0,3.0,0.0001,0.0,-1507.496826171875,5161.88720703125
337,64.0,0.001,1.0,3.0,0.001,4196.0,0.9983919262886047,0.005502712447196245
338,64.0,0.001,1.0,3.0,0.01,15674.0,-0.3670564889907837,4.677896499633789
339,64.0,0.001,1.0,4.0,0.0001,99786.0,-0.3671015501022339,4.678050518035889
340,64.0,0.001,1.0,4.0,0.001,3786.0,0.9984078407287598,0.005448250100016594
341,64.0,0.001,1.0,4.0,0.01,0.0,-1507.496826171875,5161.88720703125
342,64.0,0.001,1.0,16.0,0.0001,13881.0,0.9984065890312195,0.005452538374811411
343,64.0,0.001,1.0,16.0,0.001,0.0,-1507.496826171875,5161.88720703125
344,64.0,0.001,1.0,16.0,0.01,0.0,-1507.496826171875,5161.88720703125
345,64.0,0.001,1.0,32.0,0.0001,0.0,-1507.496826171875,5161.88720703125
346,64.0,0.001,1.0,32.0,0.001,0.0,-1507.496826171875,5161.88720703125
347,64.0,0.001,1.0,32.0,0.01,0.0,-1507.496826171875,5161.88720703125
348,64.0,0.001,2.0,3.0,0.0001,0.0,-1507.416259765625,5161.61181640625
349,64.0,0.001,2.0,3.0,0.001,0.0,-1507.496826171875,5161.88720703125
350,64.0,0.001,2.0,3.0,0.01,1573.0,0.9719101190567017,0.09612000733613968
351,64.0,0.001,2.0,4.0,0.0001,18640.0,0.9882888197898865,0.0400741770863533
352,64.0,0.001,2.0,4.0,0.001,0.0,-1507.496826171875,5161.88720703125
353,64.0,0.001,2.0,4.0,0.01,0.0,-1507.496826171875,5161.88720703125
354,64.0,0.001,2.0,16.0,0.0001,0.0,-1507.496826171875,5161.88720703125
355,64.0,0.001,2.0,16.0,0.001,0.0,-1507.496826171875,5161.88720703125
356,64.0,0.001,2.0,16.0,0.01,0.0,-1507.496826171875,5161.88720703125
357,64.0,0.001,2.0,32.0,0.0001,0.0,-1507.496826171875,5161.88720703125
358,64.0,0.001,2.0,32.0,0.001,0.0,-1507.496826171875,5161.88720703125
359,64.0,0.001,2.0,32.0,0.01,1211.0,0.9956514835357666,0.014880113303661346
360,64.0,0.001,3.0,3.0,0.0001,19354.0,0.9941955804824829,0.01986198127269745
361,64.0,0.001,3.0,3.0,0.001,0.0,-1507.496826171875,5161.88720703125
362,64.0,0.001,3.0,3.0,0.01,0.0,-1507.496826171875,5161.88720703125
363,64.0,0.001,3.0,4.0,0.0001,0.0,-1507.496826171875,5161.88720703125
364,64.0,0.001,3.0,4.0,0.001,0.0,-1507.496826171875,5161.88720703125
365,64.0,0.001,3.0,4.0,0.01,0.0,-1507.496826171875,5161.88720703125
366,64.0,0.001,3.0,16.0,0.0001,7013.0,0.9607701897621155,0.13423946499824524
367,64.0,0.001,3.0,16.0,0.001,3209.0,0.9935554265975952,0.022052623331546783
368,64.0,0.001,3.0,16.0,0.01,0.0,-1507.496826171875,5161.88720703125
369,64.0,0.001,3.0,32.0,0.0001,10743.0,0.9745802283287048,0.08698327094316483
370,64.0,0.001,3.0,32.0,0.001,6301.0,0.9825816750526428,0.05960337445139885
371,64.0,0.001,3.0,32.0,0.01,1309.0,0.43923521041870117,1.9188671112060547
372,64.0,0.001,4.0,3.0,0.0001,0.0,-1507.496826171875,5161.88720703125
373,64.0,0.001,4.0,3.0,0.001,0.0,-1507.496826171875,5161.88720703125
374,64.0,0.001,4.0,3.0,0.01,4535.0,0.9736232161521912,0.09025803208351135
375,64.0,0.001,4.0,4.0,0.0001,0.0,-1507.496826171875,5161.88720703125
376,64.0,0.001,4.0,4.0,0.001,7734.0,0.9942717552185059,0.019601356238126755
377,64.0,0.001,4.0,4.0,0.01,0.0,-1507.496826171875,5161.88720703125
378,64.0,0.001,4.0,16.0,0.0001,7029.0,0.9717584848403931,0.096638984978199
379,64.0,0.001,4.0,16.0,0.001,0.0,-1507.496826171875,5161.88720703125
380,64.0,0.001,4.0,16.0,0.01,4082.0,0.9272173047065735,0.2490532547235489
381,64.0,0.001,4.0,32.0,0.0001,14608.0,0.9872474074363708,0.04363779351115227
382,64.0,0.001,4.0,32.0,0.001,6446.0,0.934913158416748,0.22271907329559326
383,64.0,0.001,4.0,32.0,0.01,0.0,-1507.496826171875,5161.88720703125
384,64.0,0.01,1.0,3.0,0.0001,0.0,-1507.496826171875,5161.88720703125
385,64.0,0.01,1.0,3.0,0.001,0.0,-1507.496826171875,5161.88720703125
386,64.0,0.01,1.0,3.0,0.01,0.0,-1507.496826171875,5161.88720703125
387,64.0,0.01,1.0,4.0,0.0001,20626.0,0.9965303540229797,0.01187276840209961
388,64.0,0.01,1.0,4.0,0.001,7691.0,0.972999632358551,0.09239191561937332
389,64.0,0.01,1.0,4.0,0.01,0.0,-1507.496826171875,5161.88720703125
390,64.0,0.01,1.0,16.0,0.0001,11212.0,0.997705340385437,0.007852018810808659
391,64.0,0.01,1.0,16.0,0.001,4010.0,0.9939579367637634,0.020675113424658775
392,64.0,0.01,1.0,16.0,0.01,704.0,0.9846356511116028,0.05257493257522583
393,64.0,0.01,1.0,32.0,0.0001,0.0,-1507.496826171875,5161.88720703125
394,64.0,0.01,1.0,32.0,0.001,0.0,-1507.496826171875,5161.88720703125
395,64.0,0.01,1.0,32.0,0.01,0.0,-1507.496826171875,5161.88720703125
396,64.0,0.01,2.0,3.0,0.0001,0.0,-1507.496826171875,5161.88720703125
397,64.0,0.01,2.0,3.0,0.001,0.0,-1507.496826171875,5161.88720703125
398,64.0,0.01,2.0,3.0,0.01,5303.0,0.9981643557548523,0.006281411275267601
399,64.0,0.01,2.0,4.0,0.0001,99847.0,-0.3673214912414551,4.678802967071533
400,64.0,0.01,2.0,4.0,0.001,10790.0,0.9826368093490601,0.05941469967365265
401,64.0,0.01,2.0,4.0,0.01,149.0,-0.017302989959716797,3.481083869934082
402,64.0,0.01,2.0,16.0,0.0001,0.0,-1507.496826171875,5161.88720703125
403,64.0,0.01,2.0,16.0,0.001,2296.0,0.9925604462623596,0.025457322597503662
404,64.0,0.01,2.0,16.0,0.01,0.0,-1507.496826171875,5161.88720703125
405,64.0,0.01,2.0,32.0,0.0001,0.0,-1507.496826171875,5161.88720703125
406,64.0,0.01,2.0,32.0,0.001,2793.0,0.9234635233879089,0.2618981897830963
407,64.0,0.01,2.0,32.0,0.01,0.0,-1507.496826171875,5161.88720703125
408,64.0,0.01,3.0,3.0,0.0001,14318.0,0.9978166818618774,0.007471122313290834
409,64.0,0.01,3.0,3.0,0.001,9957.0,-0.29142332077026367,4.419088840484619
410,64.0,0.01,3.0,3.0,0.01,443.0,-0.36711645126342773,4.678101539611816
411,64.0,0.01,3.0,4.0,0.0001,0.0,-1507.496826171875,5161.88720703125
412,64.0,0.01,3.0,4.0,0.001,0.0,-1507.496826171875,5161.88720703125
413,64.0,0.01,3.0,4.0,0.01,0.0,-1507.496826171875,5161.88720703125
414,64.0,0.01,3.0,16.0,0.0001,0.0,-1507.496826171875,5161.88720703125
415,64.0,0.01,3.0,16.0,0.001,7055.0,0.9767468571662903,0.07956930249929428
416,64.0,0.01,3.0,16.0,0.01,1228.0,0.706866443157196,1.0030664205551147
417,64.0,0.01,3.0,32.0,0.0001,0.0,-1507.496826171875,5161.88720703125
418,64.0,0.01,3.0,32.0,0.001,0.0,-1507.496826171875,5161.88720703125
419,64.0,0.01,3.0,32.0,0.01,677.0,0.5535551309585571,1.5276786088943481
420,64.0,0.01,4.0,3.0,0.0001,28448.0,-0.3672513961791992,4.678563594818115
421,64.0,0.01,4.0,3.0,0.001,0.0,-1507.496826171875,5161.88720703125
422,64.0,0.01,4.0,3.0,0.01,0.0,-1507.496826171875,5161.88720703125
423,64.0,0.01,4.0,4.0,0.0001,6591.0,-1.3930480480194092,8.188711166381836
424,64.0,0.01,4.0,4.0,0.001,2217.0,0.9499987959861755,0.17109791934490204
425,64.0,0.01,4.0,4.0,0.01,0.0,-1507.496826171875,5161.88720703125
426,64.0,0.01,4.0,16.0,0.0001,15566.0,0.99447101354599,0.018919508904218674
427,64.0,0.01,4.0,16.0,0.001,5109.0,0.9772791266441345,0.07774800807237625
428,64.0,0.01,4.0,16.0,0.01,0.0,-1507.496826171875,5161.88720703125
429,64.0,0.01,4.0,32.0,0.0001,1884.0,0.10807907581329346,3.052042007446289
430,64.0,0.01,4.0,32.0,0.001,1572.0,0.9262242317199707,0.25245141983032227
431,64.0,0.01,4.0,32.0,0.01,0.0,-1507.496826171875,5161.88720703125
432,128.0,0.0,1.0,3.0,0.0001,100000.0,-29.153181076049805,102.44297790527344
433,128.0,0.0,1.0,3.0,0.001,0.0,-1514.836181640625,5149.9296875
434,128.0,0.0,1.0,3.0,0.01,0.0,-1514.836181640625,5149.9296875
435,128.0,0.0,1.0,4.0,0.0001,15034.0,0.9787046313285828,0.07234930247068405
436,128.0,0.0,1.0,4.0,0.001,0.0,-1514.836181640625,5149.9296875
437,128.0,0.0,1.0,4.0,0.01,1085.0,0.9984164834022522,0.005379783920943737
438,128.0,0.0,1.0,16.0,0.0001,12007.0,0.9897390604019165,0.03486078605055809
439,128.0,0.0,1.0,16.0,0.001,0.0,-1514.836181640625,5149.9296875
440,128.0,0.0,1.0,16.0,0.01,1855.0,0.9961000680923462,0.013249719515442848
441,128.0,0.0,1.0,32.0,0.0001,126.0,-171.01646423339844,584.4119262695312
442,128.0,0.0,1.0,32.0,0.001,0.0,-1514.836181640625,5149.9296875
443,128.0,0.0,1.0,32.0,0.01,832.0,0.9982524514198303,0.005937081295996904
444,128.0,0.0,2.0,3.0,0.0001,22815.0,0.9954137206077576,0.015581502579152584
445,128.0,0.0,2.0,3.0,0.001,0.0,-1514.836181640625,5149.9296875
446,128.0,0.0,2.0,3.0,0.01,4495.0,0.9931842088699341,0.023156164214015007
447,128.0,0.0,2.0,4.0,0.0001,91361.0,-0.00013434886932373047,3.3978748321533203
448,128.0,0.0,2.0,4.0,0.001,4812.0,0.9820984601974487,0.060818932950496674
449,128.0,0.0,2.0,4.0,0.01,0.0,-1514.836181640625,5149.9296875
450,128.0,0.0,2.0,16.0,0.0001,0.0,-1514.836181640625,5149.9296875
451,128.0,0.0,2.0,16.0,0.001,0.0,-1514.836181640625,5149.9296875
452,128.0,0.0,2.0,16.0,0.01,0.0,-1514.836181640625,5149.9296875
453,128.0,0.0,2.0,32.0,0.0001,5834.0,0.9845798015594482,0.052388884127140045
454,128.0,0.0,2.0,32.0,0.001,0.0,-1514.836181640625,5149.9296875
455,128.0,0.0,2.0,32.0,0.01,0.0,-1514.836181640625,5149.9296875
456,128.0,0.0,3.0,3.0,0.0001,13507.0,0.9975505471229553,0.008321869187057018
457,128.0,0.0,3.0,3.0,0.001,7456.0,0.9967033863067627,0.011199921369552612
458,128.0,0.0,3.0,3.0,0.01,0.0,-1514.836181640625,5149.9296875
459,128.0,0.0,3.0,4.0,0.0001,0.0,-1514.836181640625,5149.9296875
460,128.0,0.0,3.0,4.0,0.001,0.0,-1514.836181640625,5149.9296875
461,128.0,0.0,3.0,4.0,0.01,0.0,-1514.836181640625,5149.9296875
462,128.0,0.0,3.0,16.0,0.0001,16216.0,0.985901415348053,0.047898706048727036
463,128.0,0.0,3.0,16.0,0.001,0.0,-1514.836181640625,5149.9296875
464,128.0,0.0,3.0,16.0,0.01,679.0,0.9616591334342957,0.1302599310874939
465,128.0,0.0,3.0,32.0,0.0001,2812.0,0.9512621164321899,0.16558308899402618
466,128.0,0.0,3.0,32.0,0.001,4963.0,0.945397675037384,0.18550701439380646
467,128.0,0.0,3.0,32.0,0.01,0.0,-1514.836181640625,5149.9296875
468,128.0,0.0,4.0,3.0,0.0001,0.0,-1514.836181640625,5149.9296875
469,128.0,0.0,4.0,3.0,0.001,3268.0,-0.00013434886932373047,3.3978748321533203
470,128.0,0.0,4.0,3.0,0.01,4771.0,0.9681593775749207,0.10817588120698929
471,128.0,0.0,4.0,4.0,0.0001,20759.0,0.9979003667831421,0.007133338134735823
472,128.0,0.0,4.0,4.0,0.001,0.0,-1514.836181640625,5149.9296875
473,128.0,0.0,4.0,4.0,0.01,399.0,-0.08460557460784912,3.684858798980713
474,128.0,0.0,4.0,16.0,0.0001,0.0,-1514.836181640625,5149.9296875
475,128.0,0.0,4.0,16.0,0.001,2174.0,0.9805486798286438,0.06608430296182632
476,128.0,0.0,4.0,16.0,0.01,0.0,-1514.836181640625,5149.9296875
477,128.0,0.0,4.0,32.0,0.0001,0.0,-1514.836181640625,5149.9296875
478,128.0,0.0,4.0,32.0,0.001,1271.0,0.9522305727005005,0.1622927486896515
479,128.0,0.0,4.0,32.0,0.01,478.0,0.93938809633255,0.20592398941516876
480,128.0,0.001,1.0,3.0,0.0001,23961.0,0.993897020816803,0.020734285935759544
481,128.0,0.001,1.0,3.0,0.001,4513.0,0.998359739780426,0.005572737660259008
482,128.0,0.001,1.0,3.0,0.01,3204.0,0.9942905902862549,0.019397327676415443
483,128.0,0.001,1.0,4.0,0.0001,194.0,-288.10650634765625,982.2157592773438
484,128.0,0.001,1.0,4.0,0.001,2863.0,-0.5066632032394409,5.118765354156494
485,128.0,0.001,1.0,4.0,0.01,1155.0,0.9981395602226257,0.006320639979094267
486,128.0,0.001,1.0,16.0,0.0001,9700.0,0.997522234916687,0.008418007753789425
487,128.0,0.001,1.0,16.0,0.001,0.0,-1514.836181640625,5149.9296875
488,128.0,0.001,1.0,16.0,0.01,2039.0,0.9940826892852783,0.020103588700294495
489,128.0,0.001,1.0,32.0,0.0001,0.0,-1514.836181640625,5149.9296875
490,128.0,0.001,1.0,32.0,0.001,1196.0,0.9937462210655212,0.021246664226055145
491,128.0,0.001,1.0,32.0,0.01,564.0,0.9785534739494324,0.07286285609006882
492,128.0,0.001,2.0,3.0,0.0001,0.0,-1514.836181640625,5149.9296875
493,128.0,0.001,2.0,3.0,0.001,10783.0,0.9935184717178345,0.02202044427394867
494,128.0,0.001,2.0,3.0,0.01,0.0,-1514.836181640625,5149.9296875
495,128.0,0.001,2.0,4.0,0.0001,0.0,-1514.836181640625,5149.9296875
496,128.0,0.001,2.0,4.0,0.001,0.0,-1514.836181640625,5149.9296875
497,128.0,0.001,2.0,4.0,0.01,683.0,0.9971357583999634,0.009731000289320946
498,128.0,0.001,2.0,16.0,0.0001,8120.0,0.995542049407959,0.015145541168749332
499,128.0,0.001,2.0,16.0,0.001,0.0,-1514.836181640625,5149.9296875
500,128.0,0.001,2.0,16.0,0.01,314.0,0.9660575985908508,0.1153164729475975
501,128.0,0.001,2.0,32.0,0.0001,6437.0,0.9892382025718689,0.03656230866909027
502,128.0,0.001,2.0,32.0,0.001,1388.0,0.9859680533409119,0.047672342509031296
503,128.0,0.001,2.0,32.0,0.01,0.0,-1514.83544921875,5149.92724609375
504,128.0,0.001,3.0,3.0,0.0001,17545.0,0.9931352734565735,0.023322269320487976
505,128.0,0.001,3.0,3.0,0.001,0.0,-1514.836181640625,5149.9296875
506,128.0,0.001,3.0,3.0,0.01,925.0,0.9983628988265991,0.0055618248879909515
507,128.0,0.001,3.0,4.0,0.0001,0.0,-1514.836181640625,5149.9296875
508,128.0,0.001,3.0,4.0,0.001,0.0,-1514.836181640625,5149.9296875
509,128.0,0.001,3.0,4.0,0.01,5472.0,0.9892128109931946,0.03664867952466011
510,128.0,0.001,3.0,16.0,0.0001,8767.0,0.9655287861824036,0.11711321771144867
511,128.0,0.001,3.0,16.0,0.001,10053.0,0.9933424592018127,0.022618530318140984
512,128.0,0.001,3.0,16.0,0.01,550.0,0.98992520570755,0.03422824293375015
513,128.0,0.001,3.0,32.0,0.0001,7335.0,0.9738379716873169,0.0888834223151207
514,128.0,0.001,3.0,32.0,0.001,0.0,-1514.836181640625,5149.9296875
515,128.0,0.001,3.0,32.0,0.01,323.0,0.41784054040908813,1.9778392314910889
516,128.0,0.001,4.0,3.0,0.0001,0.0,-1514.836181640625,5149.9296875
517,128.0,0.001,4.0,3.0,0.001,0.0,-1514.836181640625,5149.9296875
518,128.0,0.001,4.0,3.0,0.01,3072.0,0.8817886114120483,0.4016135334968567
519,128.0,0.001,4.0,4.0,0.0001,0.0,-1514.836181640625,5149.9296875
520,128.0,0.001,4.0,4.0,0.001,0.0,-1514.836181640625,5149.9296875
521,128.0,0.001,4.0,4.0,0.01,0.0,-1514.836181640625,5149.9296875
522,128.0,0.001,4.0,16.0,0.0001,0.0,-1514.836181640625,5149.9296875
523,128.0,0.001,4.0,16.0,0.001,1169.0,0.9282139539718628,0.24388723075389862
524,128.0,0.001,4.0,16.0,0.01,0.0,-1514.836181640625,5149.9296875
525,128.0,0.001,4.0,32.0,0.0001,0.0,-1514.836181640625,5149.9296875
526,128.0,0.001,4.0,32.0,0.001,3120.0,0.8808407187461853,0.40483400225639343
527,128.0,0.001,4.0,32.0,0.01,1755.0,0.8299345970153809,0.5777832865715027
528,128.0,0.01,1.0,3.0,0.0001,0.0,-1514.836181640625,5149.9296875
529,128.0,0.01,1.0,3.0,0.001,0.0,-1514.836181640625,5149.9296875
530,128.0,0.01,1.0,3.0,0.01,0.0,-1514.836181640625,5149.9296875
531,128.0,0.01,1.0,4.0,0.0001,0.0,-1514.836181640625,5149.9296875
532,128.0,0.01,1.0,4.0,0.001,96.0,-70.96442413330078,244.49327087402344
533,128.0,0.01,1.0,4.0,0.01,7814.0,0.9826935529708862,0.05879722535610199
534,128.0,0.01,1.0,16.0,0.0001,14050.0,0.9946481585502625,0.018182432278990746
535,128.0,0.01,1.0,16.0,0.001,0.0,-1514.836181640625,5149.9296875
536,128.0,0.01,1.0,16.0,0.01,0.0,-1514.836181640625,5149.9296875
537,128.0,0.01,1.0,32.0,0.0001,0.0,-1514.836181640625,5149.9296875
538,128.0,0.01,1.0,32.0,0.001,0.0,-1514.836181640625,5149.9296875
539,128.0,0.01,1.0,32.0,0.01,0.0,-1514.836181640625,5149.9296875
540,128.0,0.01,2.0,3.0,0.0001,1962.0,-143.5434112548828,491.074462890625
541,128.0,0.01,2.0,3.0,0.001,0.0,-1514.836181640625,5149.9296875
542,128.0,0.01,2.0,3.0,0.01,1017.0,0.9984884858131409,0.0051352353766560555
543,128.0,0.01,2.0,4.0,0.0001,0.0,-1514.836181640625,5149.9296875
544,128.0,0.01,2.0,4.0,0.001,0.0,-1514.836181640625,5149.9296875
545,128.0,0.01,2.0,4.0,0.01,0.0,-1514.836181640625,5149.9296875
546,128.0,0.01,2.0,16.0,0.0001,5909.0,0.9909507632255554,0.03074398823082447
547,128.0,0.01,2.0,16.0,0.001,5928.0,0.9736884832382202,0.08939114958047867
548,128.0,0.01,2.0,16.0,0.01,3775.0,0.9191725254058838,0.27460479736328125
549,128.0,0.01,2.0,32.0,0.0001,0.0,-1514.836181640625,5149.9296875
550,128.0,0.01,2.0,32.0,0.001,0.0,-1514.836181640625,5149.9296875
551,128.0,0.01,2.0,32.0,0.01,2000.0,0.8790048360824585,0.411071240901947
552,128.0,0.01,3.0,3.0,0.0001,100000.0,-26.864791870117188,94.6683578491211
553,128.0,0.01,3.0,3.0,0.001,0.0,-1514.836181640625,5149.9296875
554,128.0,0.01,3.0,3.0,0.01,2549.0,-0.00013458728790283203,3.3978755474090576
555,128.0,0.01,3.0,4.0,0.0001,0.0,-1514.836181640625,5149.9296875
556,128.0,0.01,3.0,4.0,0.001,0.0,-1514.836181640625,5149.9296875
557,128.0,0.01,3.0,4.0,0.01,1030.0,0.9881495833396912,0.04026080295443535
558,128.0,0.01,3.0,16.0,0.0001,10605.0,0.9409548044204712,0.20060132443904877
559,128.0,0.01,3.0,16.0,0.001,0.0,-1514.836181640625,5149.9296875
560,128.0,0.01,3.0,16.0,0.01,885.0,0.9852656722068787,0.05005865916609764
561,128.0,0.01,3.0,32.0,0.0001,0.0,-1514.836181640625,5149.9296875
562,128.0,0.01,3.0,32.0,0.001,4414.0,0.9834791421890259,0.05612828582525253
563,128.0,0.01,3.0,32.0,0.01,0.0,-1514.836181640625,5149.9296875
564,128.0,0.01,4.0,3.0,0.0001,0.0,-1514.836181640625,5149.9296875
565,128.0,0.01,4.0,3.0,0.001,0.0,-1514.836181640625,5149.9296875
566,128.0,0.01,4.0,3.0,0.01,0.0,-1514.836181640625,5149.9296875
567,128.0,0.01,4.0,4.0,0.0001,0.0,-1514.836181640625,5149.9296875
568,128.0,0.01,4.0,4.0,0.001,1987.0,-0.9300262928009033,6.557106971740723
569,128.0,0.01,4.0,4.0,0.01,0.0,-1514.836181640625,5149.9296875
570,128.0,0.01,4.0,16.0,0.0001,3922.0,-0.19271183013916016,4.052141189575195
571,128.0,0.01,4.0,16.0,0.001,2823.0,0.8036806583404541,0.6669788956642151
572,128.0,0.01,4.0,16.0,0.01,936.0,0.5978072881698608,1.3664168119430542
573,128.0,0.01,4.0,32.0,0.0001,8154.0,0.896186888217926,0.35269662737846375
574,128.0,0.01,4.0,32.0,0.001,0.0,-1514.836181640625,5149.9296875
575,128.0,0.01,4.0,32.0,0.01,1752.0,0.8120907545089722,0.6384063959121704
